,Date,Confirmed,Deaths,Recovered
0,2020-01-22,557,17,30
1,2020-01-23,657,18,32
2,2020-01-24,944,26,39
3,2020-01-25,1437,42,42
4,2020-01-26,2120,56,56
5,2020-01-27,2929,82,65
6,2020-01-28,5580,131,108
7,2020-01-29,6169,133,126
8,2020-01-30,8237,172,143
9,2020-01-31,9927,214,222
10,2020-02-01,12038,260,284
11,2020-02-02,16787,364,463
12,2020-02-03,19887,428,608
13,2020-02-04,23899,494,826
14,2020-02-05,27644,566,1077
15,2020-02-06,30806,636,1424
16,2020-02-07,34339,721,1908
17,2020-02-08,37070,808,2471
18,2020-02-09,40098,908,3060
19,2020-02-10,42636,1015,3717
20,2020-02-11,44679,1115,4418
21,2020-02-12,45057,1120,4850
22,2020-02-13,60209,1373,5929
23,2020-02-14,66694,1525,7616
24,2020-02-15,68770,1668,8904
25,2020-02-16,70883,1772,10321
26,2020-02-17,72819,1870,11955
27,2020-02-18,74613,2010,13693
28,2020-02-19,75034,2125,15396
29,2020-02-20,75582,2248,17373
30,2020-02-21,76212,2252,17970
31,2020-02-22,77974,2460,21855
32,2020-02-23,78299,2470,22307
33,2020-02-24,78867,2630,24049
34,2020-02-25,79721,2710,26654
35,2020-02-26,80679,2770,29081
36,2020-02-27,82023,2813,31924
37,2020-02-28,83447,2870,35309
38,2020-02-29,85318,2940,38317
39,2020-03-01,87697,2994,41213
40,2020-03-02,89677,3084,44088
41,2020-03-03,92288,3158,46680
42,2020-03-04,94610,3254,49619
43,2020-03-05,97321,3349,52237
44,2020-03-06,101251,3463,54269
45,2020-03-07,105382,3567,56759
46,2020-03-08,109236,3809,59093
47,2020-03-09,113559,4003,60893
48,2020-03-10,118345,4278,62800
49,2020-03-11,125821,4629,65110
50,2020-03-12,132577,4950,66438
51,2020-03-13,145769,5453,68363
52,2020-03-14,156657,5879,70729
53,2020-03-15,167890,6549,74138
54,2020-03-16,182457,7258,76192
55,2020-03-17,197625,8110,78936
56,2020-03-18,215178,9065,81422
57,2020-03-19,242265,10207,83063
58,2020-03-20,271794,11781,85508
59,2020-03-21,304221,13587,89754
60,2020-03-22,338431,15415,95972
61,2020-03-23,380986,17509,96460
62,2020-03-24,422869,19933,105979
63,2020-03-25,474350,22904,111423
64,2020-03-26,535164,26154,119784
65,2020-03-27,599095,29793,128497
66,2020-03-28,668675,33842,136797
67,2020-03-29,725191,37660,146247
68,2020-03-30,790202,42029,161583
69,2020-03-31,868644,47193,174047
70,2020-04-01,954989,53832,189587
71,2020-04-02,1037431,60073,206303
72,2020-04-03,1121639,66569,221285
73,2020-04-04,1181772,72928,241292
74,2020-04-05,1253486,78849,254693
75,2020-04-06,1328212,85274,271157
76,2020-04-07,1397154,93791,293881
77,2020-04-08,1479331,101008,322399
78,2020-04-09,1566515,109159,346644
79,2020-04-10,1652946,116900,367687
80,2020-04-11,1728456,123880,393202
81,2020-04-12,1847036,130392,412050
82,2020-04-13,1918873,136903,438672
83,2020-04-14,2003491,144257,463272
84,2020-04-15,2081760,153021,499055
85,2020-04-16,2176219,160731,529200
86,2020-04-17,2264091,169613,554536
87,2020-04-18,2342319,176043,577981
88,2020-04-19,2418643,182143,608877
89,2020-04-20,2495135,188654,630358
90,2020-04-21,2571216,195847,664514
91,2020-04-22,2653233,203124,693333
92,2020-04-23,2735922,210395,721754
93,2020-04-24,2819492,217233,771390
94,2020-04-25,2902662,223282,798276
95,2020-04-26,2973425,228100,826215
96,2020-04-27,3044455,233544,852709
97,2020-04-28,3120210,240170,884952
98,2020-04-29,3197528,247150,925933
99,2020-04-30,3281237,253405,989942
100,2020-05-01,3370209,258992,1026753
101,2020-05-02,3448432,265007,1066348
102,2020-05-03,3522463,269284,1097773
103,2020-05-04,3600068,274128,1130744
104,2020-05-05,3679724,280275,1166241
105,2020-05-06,3770166,287038,1211180
106,2020-05-07,3858720,292905,1249625
107,2020-05-08,3949133,298858,1285054
108,2020-05-09,4033374,303775,1337464
109,2020-05-10,4108587,308112,1370420
110,2020-05-11,4184764,312190,1416407
111,2020-05-12,4270150,317923,1452401
112,2020-05-13,4354565,323360,1507145
113,2020-05-14,4450209,329112,1545928
114,2020-05-15,4546540,334868,1593210
115,2020-05-16,4640447,339409,1648696
116,2020-05-17,4718795,343287,1688971
117,2020-05-18,4807935,347682,1741199
118,2020-05-19,4903544,352650,1792433
119,2020-05-20,5008966,358056,1850675
120,2020-05-21,5114921,363092,1900957
121,2020-05-22,5222173,368798,2008626
122,2020-05-23,5326280,373251,2062750
123,2020-05-24,5419487,376654,2117590
124,2020-05-25,5507698,378348,2180646
125,2020-05-26,5600056,383126,2235097
126,2020-05-27,5702611,388345,2297526
127,2020-05-28,5822603,393337,2363665
128,2020-05-29,5944077,398493,2439984
129,2020-05-30,6079121,402854,2509816
130,2020-05-31,6181981,406143,2585500
131,2020-06-01,6282265,409884,2639540
132,2020-06-02,6405011,415148,2743013
133,2020-06-03,6516264,420768,2821309
134,2020-06-04,6654590,426296,2890696
135,2020-06-05,6788152,431353,2958966
136,2020-06-06,6917485,435493,3030145
137,2020-06-07,7028495,438750,3084665
138,2020-06-08,7131548,443205,3235600
139,2020-06-09,7257551,448250,3317091
140,2020-06-10,7394745,453678,3395156
141,2020-06-11,7530937,458818,3480113
142,2020-06-12,7658425,463562,3558929
143,2020-06-13,7792334,467954,3643995
144,2020-06-14,7924278,471735,3713994
145,2020-06-15,8049216,475802,3793461
146,2020-06-16,8193122,482921,3890888
147,2020-06-17,8336327,488398,4008338
148,2020-06-18,8479473,493752,4088984
149,2020-06-19,8660465,500113,4183436
150,2020-06-20,8846336,504595,4298777
151,2020-06-21,8939381,509239,4367036
152,2020-06-22,9081726,513106,4458196
153,2020-06-23,9249904,518675,4561801
154,2020-06-24,9421383,524172,4677140
155,2020-06-25,9600903,529282,4769684
156,2020-06-26,9793399,534365,4875341
157,2020-06-27,9969822,539101,4981357
158,2020-06-28,10138280,542718,5070311
159,2020-06-29,10291002,546792,5163871
160,2020-06-30,10474756,552042,5280783
161,2020-07-01,10689900,557382,5396399
162,2020-07-02,10894900,562889,5680854
163,2020-07-03,11097564,568133,5790370
164,2020-07-04,11287302,572926,5985847
165,2020-07-05,11473581,576760,6104942
166,2020-07-06,11641832,581039,6228251
167,2020-07-07,11851463,587399,6373004
168,2020-07-08,12066728,593027,6530614
169,2020-07-09,12291315,598873,6664939
170,2020-07-10,12524445,604618,6804010
171,2020-07-11,12737311,609746,6929379
172,2020-07-12,12930278,614058,7041030
173,2020-07-13,13124818,618488,7180911
174,2020-07-14,13345881,624463,7322824
175,2020-07-15,13575759,630391,7482272
176,2020-07-16,13820712,636565,7634391
177,2020-07-17,14058053,643583,7793938
178,2020-07-18,14293362,650113,7944558
179,2020-07-19,14505244,655026,8032424
180,2020-07-20,14713432,658972,8191098
181,2020-07-21,14956478,665332,8365513
182,2020-07-22,15231852,672729,8544970
183,2020-07-23,15511536,679385,8720750
184,2020-07-24,15795120,685830,8948469
185,2020-07-25,16044655,691914,9168002
186,2020-07-26,16256467,696299,9311039
187,2020-07-27,16490902,701600,9481931
188,2020-07-28,16754771,708535,9652134
189,2020-07-29,17025059,715184,9854391
190,2020-07-30,17306838,721954,10067536
191,2020-07-31,17594422,728545,10266569
192,2020-08-01,17840678,734556,10447310
193,2020-08-02,18071304,739229,10585877
194,2020-08-03,18277424,744057,10808205
195,2020-08-04,18542717,751235,11030984
196,2020-08-05,18817904,758634,11252334
197,2020-08-06,19104638,765466,11440808
198,2020-08-07,19387112,772215,11632372
199,2020-08-08,19652289,778255,11832464
200,2020-08-09,19885245,783445,12011054
201,2020-08-10,20118482,788823,12172597
202,2020-08-11,20384015,795436,12477179
203,2020-08-12,20659105,802387,12717419
204,2020-08-13,20949214,809182,12880830
205,2020-08-14,21256304,815768,13163607
206,2020-08-15,21505330,821798,13331869
207,2020-08-16,21715401,826602,13564518
208,2020-08-17,21928272,831243,13775258
209,2020-08-18,22187671,838301,14002145
210,2020-08-19,22465156,844708,14219608
211,2020-08-20,22736642,851157,14427042
212,2020-08-21,22998607,856909,14594925
213,2020-08-22,23262152,862692,14804519
214,2020-08-23,23464909,867027,15020791
215,2020-08-24,23693018,871863,15219427
216,2020-08-25,23938232,878427,15450454
217,2020-08-26,24219920,884981,15675642
218,2020-08-27,24507182,891198,15882429
219,2020-08-28,24791116,897021,16081026
220,2020-08-29,25051830,902807,16292136
221,2020-08-30,25271565,907082,16502173
222,2020-08-31,25535879,911511,16702315
223,2020-09-01,25802763,918118,16959848
224,2020-09-02,26084643,924418,17178635
225,2020-09-03,26370075,930517,17399373
226,2020-09-04,26671825,936359,17612231
227,2020-09-05,26945513,941454,17812921
228,2020-09-06,27174495,945588,18024437
229,2020-09-07,27391777,955211,18221694
230,2020-09-08,27638281,960334,18422423
231,2020-09-09,27923581,966601,18662251
232,2020-09-10,28227969,972605,18877742
233,2020-09-11,28544349,978603,19100666
234,2020-09-12,28833036,983661,19323172
235,2020-09-13,29081851,987626,19510627
236,2020-09-14,29349009,992230,19738191
237,2020-09-15,29629557,998794,19963651
238,2020-09-16,29934503,1004663,20192379
239,2020-09-17,30250077,1010313,20411878
240,2020-09-18,30576706,1016168,20662233
241,2020-09-19,30869790,1021440,20898756
242,2020-09-20,31124901,1025428,21135209
243,2020-09-21,31384831,1029855,21379460
244,2020-09-22,31669113,1036005,21597300
245,2020-09-23,31980747,1042556,21859449
246,2020-09-24,32301669,1048218,22114170
247,2020-09-25,32631662,1054238,22352139
248,2020-09-26,32917323,1059669,22613598
249,2020-09-27,33164305,1063552,22826473
250,2020-09-28,33427049,1067672,23047627
251,2020-09-29,33709827,1073734,23287310
252,2020-09-30,34034334,1080159,23534062
253,2020-10-01,34353467,1089052,23753882
254,2020-10-02,34682954,1094732,23924863
255,2020-10-03,34980251,1099513,24179402
256,2020-10-04,35240754,1103538,24399642
257,2020-10-05,35552139,1110630,24634693
258,2020-10-06,35868191,1116488,24865253
259,2020-10-07,36217455,1122414,25118590
260,2020-10-08,36576771,1128796,25336105
261,2020-10-09,36937172,1134988,25540247
262,2020-10-10,37292629,1139894,25733765
263,2020-10-11,37582061,1144089,25954201
264,2020-10-12,37872103,1148220,26153034
265,2020-10-13,38191483,1153555,26341832
266,2020-10-14,38572196,1159720,26552063
267,2020-10-15,38979142,1165928,26757085
268,2020-10-16,39389656,1172148,26957861
269,2020-10-17,39761724,1177875,27155956
270,2020-10-18,40092924,1181856,27353884
271,2020-10-19,40467912,1186699,27553400
272,2020-10-20,40856709,1193326,27762537
273,2020-10-21,41296206,1200233,27976676
274,2020-10-22,41778238,1206191,28201487
275,2020-10-23,42272116,1213299,28400849
276,2020-10-24,42728369,1219217,28611042
277,2020-10-25,43087165,1223581,28806040
278,2020-10-26,43570294,1229416,29042228
279,2020-10-27,44038667,1236827,29629621
280,2020-10-28,44560429,1244003,29892667
281,2020-10-29,45111835,1251244,30136763
282,2020-10-30,45683584,1259019,30389232
283,2020-10-31,46155624,1265666,30631505
284,2020-11-01,46594767,1271021,30887589
285,2020-11-02,47143211,1277346,31165325
286,2020-11-03,47708655,1286919,31413040
287,2020-11-04,48200810,1296848,31689904
288,2020-11-05,48820127,1305566,31991699
289,2020-11-06,49443304,1314760,32275891
290,2020-11-07,50042496,1322545,32572655
291,2020-11-08,50533340,1328944,32823875
292,2020-11-09,51043208,1336521,33077347
293,2020-11-10,51614258,1346271,33331415
294,2020-11-11,52239048,1356688,33709463
295,2020-11-12,52879371,1366407,33931864
296,2020-11-13,53540521,1376338,34229865
297,2020-11-14,54127333,1385474,34504894
298,2020-11-15,54617494,1392430,34732041
299,2020-11-16,55143521,1400487,35118366
300,2020-11-17,55745726,1411459,35547691
301,2020-11-18,56367966,1422928,35906410
302,2020-11-19,57021829,1434071,36276337
303,2020-11-20,57696064,1445820,36627050
304,2020-11-21,58288391,1455123,36962351
305,2020-11-22,58786469,1462790,37232450
306,2020-11-23,59320810,1471518,37638345
307,2020-11-24,59911470,1484037,38006411
308,2020-11-25,60528601,1496063,38440020
309,2020-11-26,61117724,1506995,38802987
310,2020-11-27,61812917,1518514,39178894
311,2020-11-28,62420180,1528025,39534245
312,2020-11-29,62915656,1535681,39848850
313,2020-11-30,63422512,1544726,40245493
314,2020-12-01,64037289,1557170,40716621
315,2020-12-02,64677610,1569563,41174274
316,2020-12-03,65368207,1582274,41596412
317,2020-12-04,66064625,1594744,42081284
318,2020-12-05,66706773,1605353,42512106
319,2020-12-06,67250719,1613443,42823313
320,2020-12-07,67785891,1622286,43226723
321,2020-12-08,68416505,1634324,43661831
322,2020-12-09,69081962,1646885,44082236
323,2020-12-10,70577305,1659304,44567752
324,2020-12-11,71283147,1672488,45038928
325,2020-12-12,71931611,1683318,46537727
326,2020-12-13,72470430,1691574,46928011
327,2020-12-14,73021694,1700766,40931402
328,2020-12-15,73670329,1713996,41282978
329,2020-12-16,74387979,1727922,41639237
330,2020-12-17,75126602,1741093,42008112
331,2020-12-18,75848175,1754132,42318340
332,2020-12-19,76483503,1765390,42663864
333,2020-12-20,77030862,1773762,42935371
334,2020-12-21,77577261,1783246,43271065
335,2020-12-22,78228713,1797123,43625991
336,2020-12-23,78910856,1810875,43943379
337,2020-12-24,79604184,1823082,44253869
338,2020-12-25,80122769,1832113,44544713
339,2020-12-26,80629905,1840054,44950898
340,2020-12-27,81043195,1848170,45232763
341,2020-12-28,81542606,1857713,45519013
342,2020-12-29,82214349,1872688,45862047
343,2020-12-30,82939743,1888106,46242805
344,2020-12-31,83779451,1901599,46537598
345,2021-01-01,84365756,1911754,46840016
346,2021-01-02,84947026,1920590,47092077
347,2021-01-03,85467370,1928550,47347314
348,2021-01-04,86025055,1938496,47624732
349,2021-01-05,86765966,1953910,47933648
350,2021-01-06,87557002,1968833,48239189
351,2021-01-07,88426945,1983797,48555707
352,2021-01-08,89262503,1999013,48844945
353,2021-01-09,90018708,2012368,49168473
354,2021-01-10,90620134,2021924,49432477
355,2021-01-11,91234864,2032206,49712505
356,2021-01-12,91927353,2049190,50047755
357,2021-01-13,92670675,2065672,50405308
358,2021-01-14,93429838,2081388,50769391
359,2021-01-15,94213593,2097105,51081349
360,2021-01-16,94870480,2111135,51391817
361,2021-01-17,95398074,2120969,51700201
362,2021-01-18,95915389,2131410,52010909
363,2021-01-19,96508173,2147117,52405942
364,2021-01-20,97195397,2164854,52725438
365,2021-01-21,97864290,2182180,53084203
366,2021-01-22,98527790,2198248,53458569
367,2021-01-23,99104421,2212812,53770463
368,2021-01-24,99566398,2222571,54073368
369,2021-01-25,100048023,2233711,54380560
370,2021-01-26,100609361,2251091,54702455
371,2021-01-27,101210364,2268012,55036385
372,2021-01-28,101825538,2284577,55346475
373,2021-01-29,102414535,2300306,55703961
374,2021-01-30,102929353,2313628,56049501
375,2021-01-31,103325948,2323175,56333829
376,2021-02-01,103769033,2333417,56598357
377,2021-02-02,104234607,2348268,56944057
378,2021-02-03,104759954,2364136,57269037
379,2021-02-04,105231756,2377067,57559193
380,2021-02-05,105768276,2394248,57843528
381,2021-02-06,106203423,2406104,58134152
382,2021-02-07,106554965,2413869,58407816
383,2021-02-08,106894939,2423428,58620591
384,2021-02-09,107302188,2438165,58987550
385,2021-02-10,107742671,2452024,59252303
386,2021-02-11,108186468,2465899,59523076
387,2021-02-12,108616070,2478786,59806494
388,2021-02-13,108996537,2489470,60050324
389,2021-02-14,109305192,2496573,60242533
390,2021-02-15,109586084,2504390,60528076
391,2021-02-16,109945872,2515486,60755647
392,2021-02-17,110332251,2526838,61045554
393,2021-02-18,110743062,2538827,61277527
394,2021-02-19,111152731,2550478,61508148
395,2021-02-20,111527835,2559586,61773753
396,2021-02-21,111847429,2566375,61987908
397,2021-02-22,112143024,2573626,62165879
398,2021-02-23,112535776,2585107,62439327
399,2021-02-24,112980744,2597552,62645309
400,2021-02-25,113433731,2608460,62868990
401,2021-02-26,113875693,2619016,63125028
402,2021-02-27,114272411,2627746,63372293
403,2021-02-28,114580191,2634243,63544587
404,2021-03-01,114885728,2641849,63755283
405,2021-03-02,115198987,2652098,64020995
406,2021-03-03,115640854,2663605,64246000
407,2021-03-04,116099302,2674067,64493125
408,2021-03-05,116548426,2684551,64715003
409,2021-03-06,116962432,2692872,64948150
410,2021-03-07,117336875,2698951,65184168
411,2021-03-08,117642402,2706139,65454396
412,2021-03-09,118056440,2716633,65712377
413,2021-03-10,118515304,2726787,65944074
414,2021-03-11,119004996,2737001,66213785
415,2021-03-12,119494240,2746860,66478521
416,2021-03-13,119949851,2755470,66727610
417,2021-03-14,120314922,2761387,66970193
418,2021-03-15,120669039,2768949,67256134
419,2021-03-16,121136069,2779572,67519154
420,2021-03-17,121681789,2790163,67779880
421,2021-03-18,122229719,2800883,68044987
422,2021-03-19,122792265,2811701,68320606
423,2021-03-20,123290691,2820488,68576004
424,2021-03-21,123731156,2829042,68853339
425,2021-03-22,124152345,2837008,69183588
426,2021-03-23,124658223,2848465,69493185
427,2021-03-24,125287932,2859138,69825144
428,2021-03-25,125940130,2870692,70133098
429,2021-03-26,126580171,2883465,70492983
430,2021-03-27,127164689,2893676,70795182
431,2021-03-28,127657343,2900960,71120894
432,2021-03-29,128116651,2909625,71420582
433,2021-03-30,128678868,2921530,71752456
434,2021-03-31,129352772,2934457,72127901
435,2021-04-01,130062596,2946760,72468083
436,2021-04-02,130707398,2957407,72786626
437,2021-04-03,131247730,2966746,73147398
438,2021-04-04,131807652,2974175,73493647
439,2021-04-05,132304678,2982428,73834559
440,2021-04-06,132912166,2994884,74195598
441,2021-04-07,133575330,3010246,74673211
442,2021-04-08,134411382,3024551,75062521
443,2021-04-09,135158711,3038897,75510116
444,2021-04-10,135829331,3051905,75889987
445,2021-04-11,136538935,3061027,76415032
446,2021-04-12,137152815,3070932,76801347
447,2021-04-13,137916621,3084728,77280858
448,2021-04-14,138727858,3098822,77721017
449,2021-04-15,139549174,3112481,78157511
450,2021-04-16,140409040,3125860,78653921
451,2021-04-17,141203002,3138473,79165577
452,2021-04-18,141903109,3147609,79739020
453,2021-04-19,142594077,3158742,80263066
454,2021-04-20,143433557,3173036,80859766
455,2021-04-21,144322816,3187791,81363098
456,2021-04-22,145222190,3201714,81988463
457,2021-04-23,146129874,3216974,82619020
458,2021-04-24,146954082,3230106,83187734
459,2021-04-25,147682565,3240879,83714286
460,2021-04-26,148371637,3252512,84391032
461,2021-04-27,149210733,3267513,85062051
462,2021-04-28,150109557,3283459,85650071
463,2021-04-29,151002239,3299187,86346419
464,2021-04-30,151893613,3313610,87022998
465,2021-05-01,152688515,3326649,87697985
466,2021-05-02,153375781,3336975,88385250
467,2021-05-03,154066235,3348660,89016541
468,2021-05-04,154851190,3362751,89665133
469,2021-05-05,155693207,3377656,90370582
470,2021-05-06,156566031,3392232,91037534
471,2021-05-07,157400878,3406697,91725576
472,2021-05-08,158189154,3420026,92430503
473,2021-05-09,158838561,3430500,93087286
474,2021-05-10,159464223,3441592,93705300
475,2021-05-11,160190023,3455763,94448366
476,2021-05-12,160957523,3469903,95088044
477,2021-05-13,161692211,3483343,95770935
478,2021-05-14,162401788,3496371,96426825
479,2021-05-15,163033383,3508655,97062961
480,2021-05-16,163580002,3518957,97724634
481,2021-05-17,164123560,3530287,98458837
482,2021-05-18,164743185,3544364,99194433
483,2021-05-19,165415252,3557821,99885243
484,2021-05-20,165697549,3571000,100515390
485,2021-05-21,166324036,3583978,101123650
486,2021-05-22,166896378,3595423,101736143
487,2021-05-23,167377997,3605285,102233883
488,2021-05-24,167829093,3614435,102856235
489,2021-05-25,168362492,3627418,103425881
490,2021-05-26,168930942,3640224,103976554
491,2021-05-27,169477826,3653164,104665090
492,2021-05-28,169983347,3665184,105214725
493,2021-05-29,170463767,3675992,105718170
494,2021-05-30,170853712,3684392,106204438
495,2021-05-31,171240766,3693088,106727875
496,2021-06-01,171700774,3708301,107307311
497,2021-06-02,172188397,3720223,107831755
498,2021-06-03,172668910,3730383,108257358
499,2021-06-04,173093824,3741043,108779711
500,2021-06-05,173490474,3750454,109255481
501,2021-06-06,173813454,3757761,109694585
502,2021-06-07,174135228,3765839,110112930
503,2021-06-08,174505341,3776495,110525267
504,2021-06-09,174923639,3786678,110974997
505,2021-06-10,175377145,3802659,111385811
506,2021-06-11,175799189,3814399,111758885
507,2021-06-12,176167568,3824208,112095963
508,2021-06-13,176470366,3833479,112523990
509,2021-06-14,176779669,3841473,112868175
510,2021-06-15,177154425,3852224,113326220
511,2021-06-16,177543598,3862306,113673467
512,2021-06-17,177939585,3871605,114052096
513,2021-06-18,178343091,3880798,114370079
514,2021-06-19,178691491,3888978,114700540
515,2021-06-20,178995141,3895746,114964579
516,2021-06-21,179291800,3902727,115319584
517,2021-06-22,179702010,3911715,115621558
518,2021-06-23,180098641,3921060,116019921
519,2021-06-24,180507898,3929719,116308471
520,2021-06-25,180925575,3938953,116635987
521,2021-06-26,181288483,3946496,116929684
522,2021-06-27,181599714,3952590,117187414
523,2021-06-28,181932745,3959151,117512621
524,2021-06-29,182313944,3967311,117804917
525,2021-06-30,182713412,3976517,118084819
526,2021-07-01,183148954,3985058,118512248
527,2021-07-02,183591315,3993431,118801595
528,2021-07-03,183965793,4000348,119070829
529,2021-07-04,184294090,4006994,119369348
530,2021-07-05,184670772,4014361,119734505
531,2021-07-06,185121324,4022844,120061473
532,2021-07-07,185586567,4031396,120328904
533,2021-07-08,186068439,4040317,120620979
534,2021-07-09,186581698,4048731,120958765
535,2021-07-10,187003724,4055330,121402650
536,2021-07-11,187374352,4062968,121692083
537,2021-07-12,187806846,4071071,121993125
538,2021-07-13,188332472,4079454,122275731
539,2021-07-14,188870487,4088049,122604819
540,2021-07-15,189446937,4096685,122884974
541,2021-07-16,190042883,4105446,123274984
542,2021-07-17,190533308,4112977,123554284
543,2021-07-18,190954792,4119581,123869971
544,2021-07-19,191441390,4126781,124175952
545,2021-07-20,191973795,4147483,124494199
546,2021-07-21,192529918,4156148,124798740
547,2021-07-22,193095132,4164928,125153383
548,2021-07-23,193823320,4173261,125397671
549,2021-07-24,194257052,4181949,125914388
550,2021-07-25,194704023,4189332,126241406
551,2021-07-26,195241537,4197806,126539035
552,2021-07-27,195847730,4207595,126883356
553,2021-07-28,196497818,4217719,127219242
554,2021-07-29,197140686,4227984,127566457
555,2021-07-30,197873107,4237586,127872439
556,2021-07-31,198392690,4246447,128175873
557,2021-08-01,198877815,4253864,128462407
558,2021-08-02,199444698,4261964,128740461
559,2021-08-03,200078766,4272317,129043038
560,2021-08-04,200759366,4282806,129355146
561,2021-08-05,201444934,4293796,0
562,2021-08-06,202264419,4304268,0
563,2021-08-07,202828761,4312964,0
564,2021-08-08,203299555,4320459,0
565,2021-08-09,203912547,4329255,0
566,2021-08-10,204558175,4340785,0
567,2021-08-11,205288978,4351307,0
568,2021-08-12,205994677,4361819,0
569,2021-08-13,206796697,4372290,0
570,2021-08-14,207355121,4381033,0
571,2021-08-15,207826492,4388482,0
572,2021-08-16,208480736,4398325,0
573,2021-08-17,209163247,4409030,0
574,2021-08-18,209898973,4419851,0
575,2021-08-19,210610650,4431302,0
576,2021-08-20,211396271,4441803,0
577,2021-08-21,211963335,4450735,0
578,2021-08-22,212418404,4458513,0
579,2021-08-23,213087695,4468547,0
580,2021-08-24,213764232,4479567,0
581,2021-08-25,214501622,4490886,0
582,2021-08-26,215238051,4502477,0
583,2021-08-27,215989218,4512884,0
584,2021-08-28,216556753,4521338,0
585,2021-08-29,217011948,4528175,0
586,2021-08-30,217665345,4537708,0
587,2021-08-31,218285754,4547027,0
588,2021-09-01,219005107,4559453,0
589,2021-09-02,219681743,4570664,0
590,2021-09-03,220405486,4581387,0
591,2021-09-04,220912952,4589175,0
592,2021-09-05,221370301,4595771,0
593,2021-09-06,221826601,4603882,0
594,2021-09-07,222483485,4614345,0
595,2021-09-08,223121109,4624444,0
596,2021-09-09,223761203,4635194,0
597,2021-09-10,224420029,4644378,0
598,2021-09-11,224899627,4652796,0
599,2021-09-12,225278323,4658469,0
600,2021-09-13,225837988,4667576,0
601,2021-09-14,226387601,4677487,0
602,2021-09-15,226954657,4687914,0
603,2021-09-16,227541964,4698434,0
604,2021-09-17,228165272,4707488,0
605,2021-09-18,228697903,4714037,0
606,2021-09-19,229068609,4720167,0
607,2021-09-20,229582657,4728438,0
608,2021-09-21,230071304,4737800,0
609,2021-09-22,230606376,4747524,0
610,2021-09-23,231153955,4757372,0
611,2021-09-24,231703303,4766068,0
612,2021-09-25,232084384,4771604,0
613,2021-09-26,232447938,4777160,0
614,2021-09-27,232915782,4784847,0
615,2021-09-28,233366712,4794223,0
616,2021-09-29,233857805,4803519,0
617,2021-09-30,234347627,4812398,0
618,2021-10-01,234869687,4821033,0
619,2021-10-02,235228769,4827016,0
620,2021-10-03,235543950,4831383,0
621,2021-10-04,235976449,4838544,0
622,2021-10-05,236399222,4845915,0
623,2021-10-06,236906380,4855049,0
624,2021-10-07,237368135,4864011,0
625,2021-10-08,237843612,4871571,0
626,2021-10-09,238192581,4876458,0
627,2021-10-10,238516603,4881238,0
628,2021-10-11,238888180,4887113,0
629,2021-10-12,239326334,4895097,0
630,2021-10-13,239782843,4903998,0
631,2021-10-14,240236158,4912007,0
632,2021-10-15,240694240,4919210,0
633,2021-10-16,241046477,4924627,0
634,2021-10-17,241368430,4929003,0
635,2021-10-18,241776611,4935510,0
636,2021-10-19,242208177,4943497,0
637,2021-10-20,242684555,4952166,0
638,2021-10-21,243146540,4959929,0
639,2021-10-22,243639438,4968100,0
640,2021-10-23,244024773,4974070,0
641,2021-10-24,244347684,4978732,0
642,2021-10-25,244771227,4985525,0
643,2021-10-26,245197651,4993266,0
644,2021-10-27,245711703,5002413,0
645,2021-10-28,246194698,5011346,0
646,2021-10-29,246688891,5019167,0
647,2021-10-30,247084935,5025257,0
648,2021-10-31,247450641,5029924,0
649,2021-11-01,247869875,5036288,0
650,2021-11-02,248274246,5043345,0
651,2021-11-03,248799097,5051810,0
652,2021-11-04,249316564,5059379,0
653,2021-11-05,249840877,5067964,0
654,2021-11-06,250280574,5074747,0
655,2021-11-07,250644786,5079396,0
656,2021-11-08,251112320,5086039,0
657,2021-11-09,251581631,5094043,0
658,2021-11-10,252155211,5102312,0
659,2021-11-11,252675897,5109984,0
660,2021-11-12,253275654,5118983,0
661,2021-11-13,253716395,5125499,0
662,2021-11-14,254098110,5130280,0
663,2021-11-15,254621155,5137119,0
664,2021-11-16,255127975,5144733,0
665,2021-11-17,255743296,5153893,0
666,2021-11-18,256364895,5162184,0
667,2021-11-19,256979510,5170163,0
668,2021-11-20,257481350,5176439,0
669,2021-11-21,257903797,5181151,0
670,2021-11-22,258501902,5188282,0
671,2021-11-23,259094349,5196299,0
672,2021-11-24,259752001,5204866,0
673,2021-11-25,260349485,5212720,0
674,2021-11-26,260963125,5219615,0
675,2021-11-27,261448967,5225782,0
676,2021-11-28,261883083,5230787,0
677,2021-11-29,262513890,5238308,0
678,2021-11-30,263114239,5246337,0
679,2021-12-01,263816632,5255584,0
680,2021-12-02,264524126,5265691,0
681,2021-12-03,265254879,5274283,0
682,2021-12-04,265791674,5280176,0
683,2021-12-05,266253397,5287687,0
684,2021-12-06,266850714,5294677,0
685,2021-12-07,267489784,5302404,0
686,2021-12-08,268201158,5310699,0
687,2021-12-09,268899353,5319269,0
688,2021-12-10,269592961,5327284,0
689,2021-12-11,270113413,5333629,0
690,2021-12-12,270572531,5338352,0
691,2021-12-13,271180228,5344646,0
692,2021-12-14,271816872,5352383,0
693,2021-12-15,272557142,5361410,0
694,2021-12-16,273301169,5368754,0
695,2021-12-17,274068814,5376054,0
696,2021-12-18,274641389,5382136,0
697,2021-12-19,275155638,5386660,0
698,2021-12-20,275893618,5393348,0
699,2021-12-21,276652114,5400905,0
700,2021-12-22,277566687,5411274,0
701,2021-12-23,278578401,5418533,0
702,2021-12-24,279469751,5424597,0
703,2021-12-25,280173821,5429064,0
704,2021-12-26,280759719,5432981,0
705,2021-12-27,282033557,5439335,0
706,2021-12-28,283369914,5447020,0
707,2021-12-29,285075247,5454972,0
708,2021-12-30,287024972,5462392,0
709,2021-12-31,288768944,5469073,0
710,2022-01-01,289998024,5473527,0
711,2022-01-02,290928694,5476925,0
712,2022-01-03,293286443,5482803,0
713,2022-01-04,295800486,5490879,0
714,2022-01-05,298384945,5498653,0
715,2022-01-06,301052871,5506270,0
716,2022-01-07,304006914,5513523,0
717,2022-01-08,306197636,5518994,0
718,2022-01-09,308238641,5523127,0
719,2022-01-10,311398346,5529697,0
720,2022-01-11,314428855,5538801,0
721,2022-01-12,317875785,5547824,0
722,2022-01-13,321061464,5556050,0
723,2022-01-14,324377975,5564015,0
724,2022-01-15,326882958,5570375,0
725,2022-01-16,329069792,5574928,0
726,2022-01-17,331714671,5581152,0
727,2022-01-18,335479543,5590255,0
728,2022-01-19,339561451,5600183,0
729,2022-01-20,343290407,5609824,0
730,2022-01-21,347113179,5619787,0
731,2022-01-22,349893241,5625985,0
732,2022-01-23,352358405,5631203,0
733,2022-01-24,355769035,5639880,0
734,2022-01-25,359419667,5650362,0
735,2022-01-26,363179232,5661077,0
736,2022-01-27,366878261,5671376,0
737,2022-01-28,370536482,5683723,0
738,2022-01-29,373279967,5691791,0
739,2022-01-30,375572048,5697395,0
740,2022-01-31,379120756,5707583,0
741,2022-02-01,382245357,5720270,0
742,2022-02-02,385420789,5732160,0
743,2022-02-03,388607108,5743797,0
744,2022-02-04,391556472,5756960,0
745,2022-02-05,393872274,5765340,0
746,2022-02-06,395763800,5771354,0
747,2022-02-07,398386169,5782261,0
748,2022-02-08,400985762,5795055,0
749,2022-02-09,403413672,5808184,0
750,2022-02-10,406221108,5820063,0
751,2022-02-11,408637381,5832041,0
752,2022-02-12,410567983,5840884,0
753,2022-02-13,412097084,5846213,0
754,2022-02-14,413804289,5857189,0
755,2022-02-15,415671423,5867840,0
756,2022-02-16,417906253,5880951,0
757,2022-02-17,419965667,5893163,0
758,2022-02-18,421946234,5903799,0
759,2022-02-19,423609619,5912367,0
760,2022-02-20,424919817,5917814,0
761,2022-02-21,426318584,5925092,0
762,2022-02-22,427988951,5935143,0
763,2022-02-23,429903887,5947131,0
764,2022-02-24,431689638,5957940,0
765,2022-02-25,433342084,5967010,0
766,2022-02-26,434789996,5973796,0
767,2022-02-27,435949013,5978551,0
768,2022-02-28,437274203,5985923,0
769,2022-03-01,438872879,5994399,0
770,2022-03-02,440530421,6002573,0
771,2022-03-03,442301701,6010744,0
772,2022-03-04,444062491,6019462,0
773,2022-03-05,445543375,6025359,0
774,2022-03-06,446769024,6029635,0
775,2022-03-07,448201142,6037193,0
776,2022-03-08,449940369,6044405,0
777,2022-03-09,451771708,6052275,0
778,2022-03-10,453641087,6059809,0
779,2022-03-11,455512053,6066017,0
780,2022-03-12,457309785,6070996,0
781,2022-03-13,458592264,6074594,0
782,2022-03-14,460205542,6079910,0
783,2022-03-15,462012528,6085527,0
784,2022-03-16,464242978,6092415,0
785,2022-03-17,466319227,6099500,0
786,2022-03-18,468209262,6105025,0
787,2022-03-19,469947193,6109098,0
788,2022-03-20,471039021,6112468,0
789,2022-03-21,472526632,6128559,0
790,2022-03-22,474501764,6133633,0
791,2022-03-23,476303318,6139615,0
792,2022-03-24,478085807,6144879,0
793,2022-03-25,479843992,6153825,0
794,2022-03-26,481220205,6156920,0
795,2022-03-27,482180638,6159603,0
796,2022-03-28,483660648,6163555,0
797,2022-03-29,485410459,6168224,0
798,2022-03-30,487006443,6173151,0
799,2022-03-31,488820787,6177959,0
800,2022-04-01,489985799,6182517,0
801,2022-04-02,491053626,6185379,0
802,2022-04-03,491861460,6187333,0
803,2022-04-04,492782661,6190359,0
804,2022-04-05,494147517,6194527,0
805,2022-04-06,495566696,6199197,0
806,2022-04-07,496817501,6203499,0
807,2022-04-08,497966018,6207425,0
808,2022-04-09,498762940,6209776,0
809,2022-04-10,499354952,6211557,0
810,2022-04-11,500304578,6214349,0
811,2022-04-12,501398327,6217687,0
812,2022-04-13,502458097,6221811,0
813,2022-04-14,503415070,6225257,0
814,2022-04-15,504101045,6227668,0
815,2022-04-16,504704735,6229378,0
816,2022-04-17,505132748,6230923,0
817,2022-04-18,505611917,6232509,0
818,2022-04-19,506551108,6235587,0
819,2022-04-20,507499823,6239752,0
820,2022-04-21,508396210,6242793,0
821,2022-04-22,509200953,6245512,0
822,2022-04-23,509718062,6247122,0
823,2022-04-24,510103133,6248294,0
824,2022-04-25,510682867,6250473,0
825,2022-04-26,511325036,6254443,0
826,2022-04-27,512138626,6257834,0
827,2022-04-28,512869239,6260784,0
828,2022-04-29,513499021,6263283,0
829,2022-04-30,513863725,6264777,0
830,2022-05-01,514176876,6265936,0
831,2022-05-02,514634726,6267746,0
832,2022-05-03,515300000,6269935,0
833,2022-05-04,515916617,6273611,0
834,2022-05-05,516504790,6275880,0
835,2022-05-06,517122594,6278003,0
836,2022-05-07,517469856,6279142,0
837,2022-05-08,517751985,6279987,0
838,2022-05-09,518465839,6281893,0
839,2022-05-10,519096558,6283900,0
840,2022-05-11,519782407,6286344,0
841,2022-05-12,520415088,6288047,0
842,2022-05-13,520980848,6289913,0
843,2022-05-14,521425346,6290876,0
844,2022-05-15,521800843,6291652,0
845,2022-05-16,522407070,6293298,0
846,2022-05-17,523001258,6295110,0
847,2022-05-18,523748410,6297483,0
848,2022-05-19,524334509,6299179,0
849,2022-05-20,524954104,6301163,0
850,2022-05-21,525325022,6302238,0
851,2022-05-22,525642639,6302848,0
852,2022-05-23,526151496,6304448,0
853,2022-05-24,526730507,6306098,0
854,2022-05-25,527364884,6308698,0
855,2022-05-26,527869178,6310121,0
856,2022-05-27,528437233,6312036,0
857,2022-05-28,528725387,6312789,0
858,2022-05-29,529002650,6313407,0
859,2022-05-30,529408531,6314652,0
860,2022-05-31,530027019,6316128,0
861,2022-06-01,530719044,6318191,0
862,2022-06-02,531243472,6319824,0
863,2022-06-03,531785523,6321364,0
864,2022-06-04,532038430,6322026,0
865,2022-06-05,532304598,6322838,0
866,2022-06-06,532741068,6323809,0
867,2022-06-07,533391295,6325886,0
868,2022-06-08,534091007,6328422,0
869,2022-06-09,534655941,6329969,0
870,2022-06-10,535200209,6331644,0
871,2022-06-11,535483686,6332557,0
872,2022-06-12,535687096,6333131,0
873,2022-06-13,536250162,6334868,0
874,2022-06-14,537093600,6336690,0
875,2022-06-15,537812427,6338661,0
876,2022-06-16,538333733,6340462,0
877,2022-06-17,538919023,6341760,0
878,2022-06-18,539147461,6342403,0
879,2022-06-19,539422630,6343083,0
880,2022-06-20,540213654,6344749,0
881,2022-06-21,541025786,6346381,0
882,2022-06-22,541831639,6348411,0
883,2022-06-23,542603566,6350204,0
884,2022-06-24,543362098,6351983,0
885,2022-06-25,543678759,6352765,0
886,2022-06-26,543965872,6353423,0
887,2022-06-27,544890653,6354923,0
888,2022-06-28,545823829,6356914,0
889,2022-06-29,546755182,6358671,0
890,2022-06-30,547813005,6360038,0
891,2022-07-01,548749852,6361929,0
892,2022-07-02,549108588,6362748,0
893,2022-07-03,549469049,6363485,0
894,2022-07-04,550367362,6364628,0
895,2022-07-05,551555824,6366855,0
896,2022-07-06,552785898,6369193,0
897,2022-07-07,553821002,6371903,0
898,2022-07-08,554805602,6374206,0
899,2022-07-09,555308474,6375194,0
900,2022-07-10,555734527,6376044,0
901,2022-07-11,556843252,6377890,0
902,2022-07-12,558038409,6380271,0
903,2022-07-13,559489521,6382933,0
904,2022-07-14,560448351,6384954,0
905,2022-07-15,561463991,6387296,0
906,2022-07-16,562015890,6388359,0
907,2022-07-17,562475017,6389342,0
908,2022-07-18,563710798,6391392,0
909,2022-07-19,565234925,6394495,0
910,2022-07-20,566831436,6397436,0
911,2022-07-21,567955200,6399902,0
912,2022-07-22,569034300,6402794,0
913,2022-07-23,569670682,6404041,0
914,2022-07-24,570220478,6405066,0
915,2022-07-25,571247210,6407086,0
916,2022-07-26,572418890,6409992,0
917,2022-07-27,573826729,6413335,0
918,2022-07-28,574921954,6416061,0
919,2022-07-29,576278263,6419063,0
920,2022-07-30,576853207,6420134,0
921,2022-07-31,577398216,6421053,0
922,2022-08-01,578307427,6423540,0
923,2022-08-02,579482899,6426446,0
924,2022-08-03,580624239,6429617,0
925,2022-08-04,582061784,6432716,0
926,2022-08-05,582951780,6435666,0
927,2022-08-06,584128897,6437362,0
928,2022-08-07,584626371,6438299,0
929,2022-08-08,585471969,6440630,0
930,2022-08-09,586506180,6444224,0
931,2022-08-10,587518117,6446887,0
932,2022-08-11,588512294,6450077,0
933,2022-08-12,589261041,6452895,0
934,2022-08-13,589896426,6454331,0
935,2022-08-14,590357012,6455321,0
936,2022-08-15,591230370,6457719,0
937,2022-08-16,592316169,6461189,0
938,2022-08-17,593296747,6464443,0
939,2022-08-18,594228391,6467367,0
940,2022-08-19,595018972,6470046,0
941,2022-08-20,595592349,6471189,0
942,2022-08-21,596076574,6472892,0
943,2022-08-22,596811916,6474325,0
944,2022-08-23,597693587,6477225,0
945,2022-08-24,598524082,6480241,0
946,2022-08-25,599424545,6483222,0
947,2022-08-26,600122288,6485754,0
948,2022-08-27,600574056,6486871,0
949,2022-08-28,600980000,6487825,0
950,2022-08-29,601578407,6489800,0
951,2022-08-30,602271882,6492118,0
952,2022-08-31,603063574,6495529,0
953,2022-09-01,603723080,6498051,0
954,2022-09-02,604375223,6500715,0
955,2022-09-03,604750754,6501696,0
956,2022-09-04,605120720,6502749,0
957,2022-09-05,605585998,6504122,0
958,2022-09-06,606256211,6506412,0
959,2022-09-07,606865404,6508539,0
960,2022-09-08,607433008,6510699,0
961,2022-09-09,607951796,6512950,0
962,2022-09-10,608263537,6513795,0
963,2022-09-11,608576611,6514535,0
964,2022-09-12,609084538,6516012,0
965,2022-09-13,609613771,6517943,-1
966,2022-09-14,610304356,6520346,-1
967,2022-09-15,610952592,6522806,-1
968,2022-09-16,611406358,6524750,-1
