Date,Confirmed,Deaths,Recovered,,#VALUE!
22-01-2020,557,17,30,,18.56666667
23-01-2020,657,18,32,,20.53125
24-01-2020,944,26,39,,24.20512821
25-01-2020,1437,42,42,,34.21428571
26-01-2020,2120,56,56,,37.85714286
27-01-2020,2929,82,65,,45.06153846
28-01-2020,5580,131,108,,51.66666667
29-01-2020,6169,133,126,,48.96031746
30-01-2020,8237,171,143,,57.6013986
31-01-2020,9927,213,222,,44.71621622
01-02-2020,12038,259,284,,42.38732394
02-02-2020,16787,362,463,,36.25701944
03-02-2020,19887,426,608,,32.70888158
04-02-2020,23899,492,826,,28.93341404
05-02-2020,27644,564,1077,,25.66759517
06-02-2020,30806,634,1424,,21.63342697
07-02-2020,34339,719,1908,,17.99737945
08-02-2020,37070,806,2471,,15.00202347
09-02-2020,40098,906,3060,,13.10392157
10-02-2020,42636,1013,3717,,11.47054076
11-02-2020,44679,1113,4418,,10.11294703
12-02-2020,46565,1118,4850,,9.601030928
13-02-2020,60209,1371,5929,,10.15500084
14-02-2020,66694,1523,7616,,8.757090336
15-02-2020,68770,1666,8904,,7.723495058
16-02-2020,70883,1770,10321,,6.867842263
17-02-2020,72819,1868,11955,,6.091091593
18-02-2020,74613,2008,13693,,5.448988534
19-02-2020,75034,2123,15396,,4.873603533
20-02-2020,75582,2246,17373,,4.350543948
21-02-2020,76212,2250,17970,,4.241068447
22-02-2020,77974,2457,21855,,3.567787692
23-02-2020,78299,2467,22307,,3.510064105
24-02-2020,78867,2627,24049,,3.279429498
25-02-2020,79721,2707,26654,,2.990958205
26-02-2020,80679,2767,29081,,2.774285616
27-02-2020,82023,2810,31924,,2.569320887
28-02-2020,83447,2867,35309,,2.363335127
29-02-2020,85318,2937,38317,,2.226635697
01-03-2020,87697,2991,41213,,2.127896538
02-03-2020,89677,3080,44088,,2.034045545
03-03-2020,92288,3154,46680,,1.977035133
04-03-2020,94610,3249,49619,,1.906729277
05-03-2020,97321,3342,52237,,1.863066409
06-03-2020,101251,3455,54269,,1.865724447
07-03-2020,105382,3560,56759,,1.856657094
08-03-2020,109236,3801,59093,,1.848543821
09-03-2020,113559,3991,60893,,1.864894159
10-03-2020,118345,4267,62800,,1.884474522
11-03-2020,125821,4611,65110,,1.932437414
12-03-2020,132577,4922,66438,,1.995499564
13-03-2020,145769,5412,68363,,2.132279157
14-03-2020,156657,5836,70729,,2.214890639
15-03-2020,167890,6489,74138,,2.264560684
16-03-2020,182457,7170,76192,,2.394700231
17-03-2020,197625,7982,78936,,2.50361052
18-03-2020,215179,8901,81423,,2.642729941
19-03-2020,242266,10011,83064,,2.916618511
20-03-2020,271795,11503,85509,,3.178554304
21-03-2020,304222,13232,89755,,3.389471339
22-03-2020,338431,14914,95972,,3.526351436
23-03-2020,380986,16882,96460,,3.949678623
24-03-2020,422871,19197,105979,,3.990139556
25-03-2020,474350,22028,111423,,4.257200039
26-03-2020,535165,25055,119784,,4.467750284
27-03-2020,599095,28533,128497,,4.662326747
28-03-2020,668675,32376,136797,,4.888082341
29-03-2020,725191,35842,146247,,4.958672657
30-03-2020,790202,39896,161583,,4.89037832
31-03-2020,868644,44656,174047,,4.990858791
01-04-2020,950345,50685,189587,,5.012711842
02-04-2020,1032789,56595,206303,,5.006175383
03-04-2020,1116953,62821,221285,,5.047576655
04-04-2020,1177209,68786,241292,,4.878773436
05-04-2020,1249387,74096,254693,,4.905462655
06-04-2020,1323902,79966,271157,,4.882418673
07-04-2020,1392730,88314,293881,,4.739095076
08-04-2020,1474725,95143,322399,,4.574223245
09-04-2020,1561490,103019,346644,,4.504592608
10-04-2020,1648014,110575,367687,,4.482111143
11-04-2020,1723467,117098,393202,,4.383159292
12-04-2020,1842498,122946,412050,,4.471539862
13-04-2020,1914230,129000,438672,,4.363693147
14-04-2020,1998679,136207,463272,,4.314266781
15-04-2020,2076469,144581,499055,,4.160801916
16-04-2020,2170893,152052,529200,,4.102216553
17-04-2020,2258723,160617,554536,,4.073176494
18-04-2020,2336955,167013,577981,,4.043307652
19-04-2020,2413668,172453,608877,,3.964130686
20-04-2020,2489591,178356,630358,,3.949487434
21-04-2020,2565806,185740,664514,,3.86117674
22-04-2020,2647758,192793,693333,,3.818883567
23-04-2020,2730362,199702,721754,,3.782953749
24-04-2020,2814399,206647,771390,,3.648477424
25-04-2020,2897892,212600,798276,,3.630188055
26-04-2020,2968761,216896,826215,,3.593206369
27-04-2020,3039702,221773,852709,,3.564758904
28-04-2020,3115503,228559,884952,,3.520533317
29-04-2020,3192874,235515,925933,,3.448277575
30-04-2020,3276721,241586,989942,,3.310013112
01-05-2020,3365736,247128,1026753,,3.278038632
02-05-2020,3444115,252998,1066348,,3.229822722
03-05-2020,3518275,256859,1097773,,3.204920325
04-05-2020,3595663,261227,1130744,,3.17990898
05-05-2020,3675286,267469,1166241,,3.151394952
06-05-2020,3765817,274221,1211180,,3.109213329
07-05-2020,3854484,279897,1249625,,3.084512554
08-05-2020,3944943,285822,1285054,,3.069865547
09-05-2020,4029493,290442,1337464,,3.012786139
10-05-2020,4104760,294495,1370420,,2.995256929
11-05-2020,4180756,298325,1416407,,2.951662905
12-05-2020,4266039,304201,1452401,,2.937232211
13-05-2020,4350401,309657,1507151,,2.886506395
14-05-2020,4446056,315296,1545934,,2.875967538
15-05-2020,4542410,321019,1593216,,2.851094892
16-05-2020,4636482,325571,1648702,,2.812201356
17-05-2020,4714931,329157,1688977,,2.79158982
18-05-2020,4803987,333291,1741205,,2.759001381
19-05-2020,4899550,338412,1792439,,2.733454249
20-05-2020,5004962,343808,1850681,,2.704389357
21-05-2020,5110975,348769,1900963,,2.688624134
22-05-2020,5218224,354461,2008632,,2.597899466
23-05-2020,5322635,358841,2062756,,2.580351239
24-05-2020,5415904,362329,2117596,,2.557571888
25-05-2020,5504035,363834,2180652,,2.524031803
26-05-2020,5596427,368438,2235103,,2.503878792
27-05-2020,5698941,373799,2297532,,2.480462078
28-05-2020,5819072,378848,2363671,,2.461879001
29-05-2020,5940853,384010,2439990,,2.434785798
30-05-2020,6076259,388304,2509822,,2.420992007
31-05-2020,6179274,391447,2585506,,2.389966993
01-06-2020,6279541,395083,2639547,,2.379022234
02-06-2020,6402317,400360,2743020,,2.334039489
03-06-2020,6513641,406031,2821316,,2.308724368
04-06-2020,6652094,411476,2890703,,2.301202856
05-06-2020,6785759,416609,2958973,,2.293281824
06-06-2020,6915205,420714,3030152,,2.282131391
07-06-2020,7026234,423841,3084672,,2.277789665
08-06-2020,7129270,428174,3235607,,2.203379459
09-06-2020,7255249,433277,3317098,,2.187227812
10-06-2020,7392383,438712,3395163,,2.177327863
11-06-2020,7528544,443809,3480120,,2.163300116
12-06-2020,7656021,448539,3558936,,2.151210643
13-06-2020,7789950,452945,3644002,,2.137745808
14-06-2020,7921845,456604,3714001,,2.132967923
15-06-2020,8046661,460590,3793468,,2.12118858
16-06-2020,8190481,467712,3890895,,2.105037787
17-06-2020,8333654,473193,4008345,,2.079076028
18-06-2020,8476737,478531,4088991,,2.073063257
19-06-2020,8657791,484883,4183443,,2.069537221
20-06-2020,8843634,489322,4298784,,2.057240838
21-06-2020,8936673,493910,4367043,,2.046389971
22-06-2020,9078817,497708,4458203,,2.0364297
23-06-2020,9246840,503275,4561808,,2.027012097
24-06-2020,9418248,508751,4677147,,2.01367372
25-06-2020,9597705,513842,4769691,,2.012227836
26-06-2020,9790155,518926,4875348,,2.008093576
27-06-2020,9966488,523621,4981364,,2.000754813
28-06-2020,10134952,527198,5070318,,1.998878966
29-06-2020,10287413,531219,5163878,,1.992187461
30-06-2020,10470953,536440,5280790,,1.982838363
01-07-2020,10685874,541821,5396406,,1.980183478
02-07-2020,10890703,547305,5680861,,1.917086688
03-07-2020,11093187,552545,5790377,,1.91579702
04-07-2020,11282823,557310,5985854,,1.8849145
05-07-2020,11468821,561108,6104949,,1.878610452
06-07-2020,11636627,565329,6228258,,1.868359821
07-07-2020,11846014,571704,6373011,,1.858778213
08-07-2020,12061102,577336,6530621,,1.846853768
09-07-2020,12285522,583153,6664946,,1.843304057
10-07-2020,12518740,588897,6804017,,1.83990428
11-07-2020,12731558,593998,6929386,,1.837328444
12-07-2020,12924402,598284,7041037,,1.835582173
13-07-2020,13118619,602665,7180918,,1.826872135
14-07-2020,13339551,608647,7322831,,1.821638517
15-07-2020,13569064,614552,7482279,,1.813493456
16-07-2020,13814016,620723,7634398,,1.809444045
17-07-2020,14051486,627723,7793945,,1.802872101
18-07-2020,14286824,634227,7944565,,1.798314193
19-07-2020,14498654,639121,8032431,,1.805014447
20-07-2020,14706605,643046,8191105,,1.795436025
21-07-2020,14949525,649391,8365520,,1.787040734
22-07-2020,15224976,656776,8544977,,1.781745697
23-07-2020,15504726,663420,8720757,,1.777910564
24-07-2020,15788430,669874,8948476,,1.764370827
25-07-2020,16038432,675952,9168009,,1.749390953
26-07-2020,16250449,680308,9311046,,1.745287157
27-07-2020,16484562,685596,9481938,,1.738522441
28-07-2020,16748716,692527,9652141,,1.73523325
29-07-2020,17019027,699192,9854398,,1.727048877
30-07-2020,17300845,705942,10067543,,1.718477388
31-07-2020,17588508,712534,10266576,,1.713181493
01-08-2020,17834933,718540,10447317,,1.707130453
02-08-2020,18065764,723201,10585884,,1.706590021
03-08-2020,18271609,728006,10808212,,1.690530219
04-08-2020,18536949,735174,11030991,,1.680442763
05-08-2020,18812316,742570,11252341,,1.671857972
06-08-2020,19099161,749395,11440815,,1.669388151
07-08-2020,19381741,756136,11632379,,1.66618892
08-08-2020,19647134,762153,11832471,,1.660442185
09-08-2020,19880233,767327,12011061,,1.655160439
10-08-2020,20113425,772695,12172604,,1.652351871
11-08-2020,20379067,779311,12477186,,1.63330634
12-08-2020,20654159,786258,12717426,,1.624083285
13-08-2020,20944463,793053,12880837,,1.626017238
14-08-2020,21251589,799636,13163614,,1.614419034
15-08-2020,21500684,805651,13331876,,1.612727571
16-08-2020,21710810,810443,13564525,,1.600558073
17-08-2020,21923544,815063,13775265,,1.591515227
18-08-2020,22182875,822115,14002152,,1.58424755
19-08-2020,22460318,828525,14219615,,1.579530669
20-08-2020,22731790,834964,14427049,,1.575636847
21-08-2020,22993434,840706,14594932,,1.575439612
22-08-2020,23257364,846500,14804526,,1.570963096
23-08-2020,23460131,850823,15020798,,1.561843186
24-08-2020,23688063,855646,15219434,,1.556435213
25-08-2020,23933382,862202,15450461,,1.549039993
26-08-2020,24214954,868753,15675649,,1.544749694
27-08-2020,24502298,874968,15882436,,1.542729214
28-08-2020,24786387,880783,16081033,,1.54134296
29-08-2020,25047153,886575,16292143,,1.537376206
30-08-2020,25266854,890838,16502180,,1.531122191
31-08-2020,25530997,895251,16702322,,1.528589678
01-09-2020,25797891,901847,16959855,,1.521115068
02-09-2020,26079624,908142,17178642,,1.518142354
03-09-2020,26364984,914246,17399380,,1.515282958
04-09-2020,26666391,920086,17612238,,1.514083048
05-09-2020,26940497,925190,17812928,,1.512412614
06-09-2020,27169536,929312,18024444,,1.507371656
07-09-2020,27386680,938911,18221701,,1.502970551
08-09-2020,27632833,944040,18422430,,1.499955923
09-09-2020,27917930,950302,18662260,,1.495956545
10-09-2020,28222149,956304,18877751,,1.494995299
11-09-2020,28538309,962290,19100675,,1.494099502
12-09-2020,28827002,967338,19323181,,1.491835221
13-09-2020,29075820,971286,19510636,,1.490254854
14-09-2020,29342623,975878,19738200,,1.486590621
15-09-2020,29622914,982445,19963660,,1.483841841
16-09-2020,29927809,988308,20192398,,1.482132484
17-09-2020,30243259,993941,20411897,,1.481648619
18-09-2020,30569861,999793,20662252,,1.479502863
19-09-2020,30863103,1005068,20898775,,1.476790051
20-09-2020,31118237,1009032,21135228,,1.472339783
21-09-2020,31377929,1013440,21379479,,1.467665746
22-09-2020,31662211,1019593,21597320,,1.466024998
23-09-2020,31973754,1026119,21859472,,1.462695622
24-09-2020,32294593,1031790,22114193,,1.460355935
25-09-2020,32624717,1037804,22352162,,1.459577691
26-09-2020,32910485,1043233,22613621,,1.455339019
27-09-2020,33157551,1047079,22826496,,1.45259049
28-09-2020,33419969,1051154,23047650,,1.45003803
29-09-2020,33702511,1057245,23287336,,1.447246306
30-09-2020,34026774,1063687,23534096,,1.445850055
01-10-2020,34345767,1072573,23753916,,1.445899152
02-10-2020,34675168,1078170,23924897,,1.449334056
03-10-2020,34972424,1082893,24179450,,1.446369707
04-10-2020,35232716,1086887,24399690,,1.443982116
05-10-2020,35543471,1093926,24634741,,1.442818944
06-10-2020,35859119,1099784,24865322,,1.442133707
07-10-2020,36207983,1105674,25118659,,1.441477549
08-10-2020,36566981,1112040,25336174,,1.443271624
09-10-2020,36927132,1118234,25540327,,1.445836304
10-10-2020,37282769,1123117,25733845,,1.44878346
11-10-2020,37572283,1127253,25954281,,1.44763336
12-10-2020,37861433,1131309,26153114,,1.447683553
13-10-2020,38180332,1136700,26341912,,1.449413847
14-10-2020,38560387,1142889,26552176,,1.452249601
15-10-2020,38967059,1149073,26757198,,1.456320613
16-10-2020,39377443,1155264,26957974,,1.460697417
17-10-2020,39749558,1160952,27156078,,1.463744433
18-10-2020,40080677,1164811,27354007,,1.465257978
19-10-2020,40454772,1169520,27553523,,1.468225025
20-10-2020,40842812,1176166,27762660,,1.471141886
21-10-2020,41281704,1183027,27976799,,1.475569239
22-10-2020,41763186,1188919,28201610,,1.480879496
23-10-2020,42256614,1196022,28400972,,1.487858021
24-10-2020,42713235,1201889,28611165,,1.492886955
25-10-2020,43072666,1206150,28806163,,1.495258706
26-10-2020,43555804,1211767,29042356,,1.499733837
27-10-2020,44022513,1219245,29629749,,1.485753828
28-10-2020,44542371,1226432,29892795,,1.490070467
29-10-2020,45092360,1233634,30136910,,1.496250279
30-10-2020,45663451,1241322,30389379,,1.502612179
31-10-2020,46136127,1247939,30631652,,1.50615863
01-11-2020,46575008,1253080,30887736,,1.50788028
02-11-2020,47121245,1259180,31165472,,1.51196956
03-11-2020,47684623,1268750,31413187,,1.517981063
04-11-2020,48174959,1278830,31690051,,1.520191905
05-11-2020,48792342,1287510,31991846,,1.525149315
06-11-2020,49413454,1296656,32276038,,1.530964055
07-11-2020,50012487,1304431,32572802,,1.535406349
08-11-2020,50503641,1310533,32824022,,1.538618302
09-11-2020,51010877,1317798,33077494,,1.542162686
10-11-2020,51579075,1327652,33331562,,1.547454482
11-11-2020,52201863,1338219,33709610,,1.54857511
12-11-2020,52841210,1348023,33932017,,1.557266991
13-11-2020,53502902,1357855,34230018,,1.563040428
14-11-2020,54091021,1366992,34505047,,1.567626353
15-11-2020,54582450,1373621,34732194,,1.571523239
16-11-2020,55105435,1381406,35118519,,1.569127531
17-11-2020,55705043,1392482,35547844,,1.567044207
18-11-2020,56325861,1403930,35906564,,1.568678668
19-11-2020,56980180,1415092,36276491,,1.570719175
20-11-2020,57654794,1426840,36627205,,1.574097559
21-11-2020,58249580,1435993,36962506,,1.575909923
22-11-2020,58749012,1443534,37232605,,1.577891528
23-11-2020,59280247,1451890,37638503,,1.574989499
24-11-2020,59869627,1464481,38006569,,1.57524419
25-11-2020,60485667,1476662,38440178,,1.573501221
26-11-2020,61079266,1487664,38803145,,1.574080297
27-11-2020,61774040,1499180,39179052,,1.576710942
28-11-2020,62382342,1508636,39534403,,1.577925484
29-11-2020,62878641,1515992,39849010,,1.577922287
30-11-2020,63381600,1524754,40245653,,1.574868222
01-12-2020,63994788,1537395,40716781,,1.571705484
02-12-2020,64634180,1550042,41174434,,1.569764869
03-12-2020,65325573,1562717,41596573,,1.570455648
04-12-2020,66022167,1575151,42081445,,1.568913971
05-12-2020,66666604,1585742,42512267,,1.568173346
06-12-2020,67211739,1593621,42823474,,1.569506925
07-12-2020,67745803,1602108,43226884,,1.567214583
08-12-2020,68376027,1614266,43661993,,1.566030827
09-12-2020,69041648,1627131,44082399,,1.566195342
10-12-2020,70538223,1639637,44567915,,1.582713102
11-12-2020,71245973,1652797,45039091,,1.581869692
12-12-2020,71896444,1663693,46537895,,1.544901075
13-12-2020,72436189,1671714,46928179,,1.543554226
14-12-2020,72986807,1680602,40931570,,1.783142132
15-12-2020,73634521,1693944,41283147,,1.783646024
16-12-2020,74352724,1708041,41639406,,1.785633638
17-12-2020,75092398,1721246,42008281,,1.78756179
18-12-2020,75815343,1734226,42318509,,1.791540978
19-12-2020,76451675,1745559,42664039,,1.791946492
20-12-2020,77000002,1753755,42935546,,1.793385881
21-12-2020,77545653,1762852,43271240,,1.792082986
22-12-2020,78197259,1776785,43626166,,1.792439404
23-12-2020,78880030,1790715,43943556,,1.795030653
24-12-2020,79574782,1802942,44254046,,1.798135746
25-12-2020,80095153,1811908,44544890,,1.798077243
26-12-2020,80601734,1819374,44951075,,1.793099142
27-12-2020,81014708,1827160,45232940,,1.791055545
28-12-2020,81512560,1836309,45519190,,1.79072958
29-12-2020,82183568,1851078,45862224,,1.791966478
30-12-2020,82908415,1866778,46242986,,1.792886277
31-12-2020,83749305,1880458,46537781,,1.799598159
01-01-2021,84337298,1890457,46840199,,1.800532444
02-01-2021,84918405,1898938,47092260,,1.803234863
03-01-2021,85438924,1906605,47347497,,1.804507723
04-01-2021,85995134,1916048,47624915,,1.805675328
05-01-2021,86736742,1931410,47933831,,1.809509905
06-01-2021,87527701,1946418,48239373,,1.814445246
07-01-2021,88398839,1961500,48555891,,1.820558478
08-01-2021,89235457,1977030,48845129,,1.826905954
09-01-2021,89992952,1990398,49168657,,1.830291033
10-01-2021,90595387,1999359,49432661,,1.832703018
11-01-2021,91209322,2008945,49712689,,1.834729198
12-01-2021,91901256,2025887,50047939,,1.836264546
13-01-2021,92645186,2042630,50405492,,1.837997852
14-01-2021,93404893,2058242,50769575,,1.839780873
15-01-2021,94189412,2073888,51081533,,1.843903393
16-01-2021,94846992,2087808,51392001,,1.845559429
17-01-2021,95374992,2096936,51700385,,1.844763671
18-01-2021,95891778,2106594,52011093,,1.843679347
19-01-2021,96484435,2122425,52406126,,1.841090772
20-01-2021,97171353,2140577,52725622,,1.842962668
21-01-2021,97840633,2157858,53084387,,1.843115058
22-01-2021,98504532,2173950,53458753,,1.842626819
23-01-2021,99082082,2188576,53770647,,1.842679743
24-01-2021,99544412,2197711,54073552,,1.840907585
25-01-2021,100025509,2208157,54380744,,1.839355287
26-01-2021,100586615,2225959,54702639,,1.838789076
27-01-2021,101187871,2243382,55036569,,1.838557033
28-01-2021,101803030,2259947,55346659,,1.839370828
29-01-2021,102392454,2275749,55704145,,1.838147843
30-01-2021,102907718,2289210,56049685,,1.836008855
31-01-2021,103304604,2298353,56334013,,1.833787414
01-02-2021,103747088,2307968,56598541,,1.833034671
02-02-2021,104212226,2323300,56944241,,1.830074897
03-02-2021,104737499,2339476,57269221,,1.828861947
04-02-2021,105209621,2352436,57559377,,1.827845027
05-02-2021,105746774,2369743,57843712,,1.828146402
06-02-2021,106182568,2381619,58134336,,1.826503497
07-02-2021,106534362,2389006,58408000,,1.823968669
08-02-2021,106873893,2398096,58620775,,1.823140226
09-02-2021,107280883,2413165,58987734,,1.818698155
10-02-2021,107720975,2427312,59252487,,1.817999217
11-02-2021,108165307,2441196,59523260,,1.817193934
12-02-2021,108595913,2454201,59806678,,1.815782395
13-02-2021,108976760,2464938,60050508,,1.814751675
14-02-2021,109285636,2471669,60242717,,1.814088764
15-02-2021,109565802,2479102,60528260,,1.810159453
16-02-2021,109924997,2490419,60755831,,1.809291309
17-02-2021,110311213,2502009,61045738,,1.807025627
18-02-2021,110722323,2513924,61277711,,1.806893913
19-02-2021,111132234,2525618,61508332,,1.806783413
20-02-2021,111507677,2534711,61773937,,1.805092607
21-02-2021,111827245,2541304,61988092,,1.804011729
22-02-2021,112122273,2548346,62166063,,1.803592951
23-02-2021,112515008,2560011,62439511,,1.801984131
24-02-2021,112959985,2572541,62645493,,1.8031622
25-02-2021,113413150,2583409,62869174,,1.803954828
26-02-2021,113855559,2593999,63125212,,1.803646362
27-02-2021,114252814,2602707,63372477,,1.802877517
28-02-2021,114560669,2609056,63544771,,1.802833926
01-03-2021,114866501,2616468,63755467,,1.801672961
02-03-2021,115179533,2626824,64021179,,1.799084847
03-03-2021,115621394,2638594,64246184,,1.799661658
04-03-2021,116080289,2649066,64493309,,1.799881116
05-03-2021,116530065,2659562,64715187,,1.800660253
06-03-2021,116944338,2667835,64948334,,1.800574869
07-03-2021,117318829,2673795,65184352,,1.799800495
08-03-2021,117623626,2680848,65454580,,1.797026671
09-03-2021,118037325,2691398,65712561,,1.796267307
10-03-2021,118496301,2701583,65944258,,1.796916132
11-03-2021,118986009,2711830,66213969,,1.79699255
12-03-2021,119475605,2721724,66478705,,1.797201149
13-03-2021,119931761,2730330,66727794,,1.797328427
14-03-2021,120297534,2736163,66970377,,1.796279779
15-03-2021,120651111,2743651,67256318,,1.793900032
16-03-2021,121117151,2754279,67519338,,1.793814255
17-03-2021,121662259,2764885,67780064,,1.79495639
18-03-2021,122210384,2775614,68045171,,1.796018471
19-03-2021,122773645,2786438,68320790,,1.79701735
20-03-2021,123272700,2795232,68576188,,1.797602106
21-03-2021,123713127,2803693,68853523,,1.796758127
22-03-2021,124133303,2811581,69183772,,1.794254627
23-03-2021,124639280,2823072,69493369,,1.793542057
24-03-2021,125268905,2833773,69825328,,1.794032461
25-03-2021,125921326,2845322,70133282,,1.795457483
26-03-2021,126561594,2858097,70493167,,1.795373926
27-03-2021,127146385,2868313,70795366,,1.795970445
28-03-2021,127638981,2875566,71121078,,1.79467163
29-03-2021,128097486,2884177,71420766,,1.793560797
30-03-2021,128659177,2896093,71752640,,1.793093285
31-03-2021,129333192,2908996,72128085,,1.793104475
01-04-2021,130043002,2921291,72468267,,1.794482018
02-04-2021,130687960,2931932,72786810,,1.795489595
03-04-2021,131228678,2941246,73147582,,1.794026192
04-04-2021,131788654,2948654,73493831,,1.793193418
05-04-2021,132284506,2956909,73834743,,1.791629531
06-04-2021,132891440,2969362,74195782,,1.791091574
07-04-2021,133554603,2984751,74673395,,1.788516553
08-04-2021,134390872,2999049,75062705,,1.790381415
09-04-2021,135138523,3013438,75510300,,1.789670058
10-04-2021,135809350,3026470,75890171,,1.789551245
11-04-2021,136519085,3035569,76415216,,1.786543206
12-04-2021,137131895,3045469,76801531,,1.785535955
13-04-2021,137895860,3059269,77281042,,1.784342659
14-04-2021,138707810,3073373,77721201,,1.784684336
15-04-2021,139528783,3087034,78157695,,1.785221314
16-04-2021,140389357,3100430,78654105,,1.784895486
17-04-2021,141183434,3113039,79165761,,1.783390095
18-04-2021,141883574,3122158,79739204,,1.779345252
19-04-2021,142573216,3133277,80263250,,1.776319997
20-04-2021,143412813,3147582,80859950,,1.773595123
21-04-2021,144301697,3162306,81363282,,1.773548134
22-04-2021,145201617,3176198,81988647,,1.770996623
23-04-2021,146109509,3191457,82619204,,1.768469096
24-04-2021,146934381,3204603,83187918,,1.766294728
25-04-2021,147663225,3215360,83714470,,1.763891296
26-04-2021,148351272,3226982,84391216,,1.757899448
27-04-2021,149190655,3241979,85062235,,1.753900012
28-04-2021,150088798,3257930,85650255,,1.752345022
29-04-2021,150983964,3273654,86347888,,1.748554221
30-04-2021,151875734,3288075,87024467,,1.745207288
01-05-2021,152671234,3301105,87699519,,1.740844599
02-05-2021,153358497,3311414,88386784,,1.735084026
03-05-2021,154048167,3323080,89018077,,1.73052679
04-05-2021,154833318,3337164,89666669,,1.726765583
05-05-2021,155675564,3352050,90372118,,1.722606125
06-05-2021,156548642,3366620,91039078,,1.719576312
07-05-2021,157383700,3381078,91727122,,1.715781511
08-05-2021,158172678,3394383,92432049,,1.711231978
09-05-2021,158822206,3404814,93088834,,1.706135948
10-05-2021,159447429,3415883,93706849,,1.701555764
11-05-2021,160173403,3430066,94449918,,1.695855395
12-05-2021,160941080,3444213,95089596,,1.692520389
13-05-2021,161676620,3457641,95772497,,1.688132032
14-05-2021,162386766,3470653,96428387,,1.684014127
15-05-2021,163018679,3482919,97064523,,1.679487767
16-05-2021,163565323,3493195,97726201,,1.673710032
17-05-2021,164108617,3504520,98460405,,1.666747329
18-05-2021,164728168,3518581,99196006,,1.66063307
19-05-2021,165400784,3532051,99886817,,1.655882017
20-05-2021,165683192,3545216,100516964,,1.648310747
21-05-2021,166309790,3558183,101125227,,1.644592501
22-05-2021,166882316,3569616,101737720,,1.640319009
23-05-2021,167363956,3579450,102235460,,1.637044094
24-05-2021,167814789,3588584,102857812,,1.631522057
25-05-2021,168348887,3601552,103427460,,1.6277001
26-05-2021,168917589,3614349,103978133,,1.624549164
27-05-2021,169464669,3627283,104666669,,1.619089158
28-05-2021,169970360,3639289,105216308,,1.615437409
29-05-2021,170450988,3650105,105719753,,1.612290827
30-05-2021,170841099,3658497,106206021,,1.60858205
31-05-2021,171228094,3667171,106729458,,1.604318969
01-06-2021,171687913,3682370,107308895,,1.599941114
02-06-2021,172175656,3694272,107833339,,1.59668297
03-06-2021,172656633,3704435,108258942,,1.594848701
04-06-2021,173081853,3715081,108781295,,1.591099398
05-06-2021,173478875,3724479,109257065,,1.587804642
06-06-2021,173802029,3731759,109696169,,1.584394702
07-06-2021,174123755,3739825,110114514,,1.58129704
08-06-2021,174494446,3750481,110526851,,1.578751628
09-06-2021,174913058,3760638,110976581,,1.576125849
10-06-2021,175366621,3776609,111387413,,1.57438454
11-06-2021,175789282,3788359,111760487,,1.572910845
12-06-2021,176157888,3798162,112097565,,1.571469354
13-06-2021,176460846,3807418,112525592,,1.568184116
14-06-2021,176770404,3815405,112869777,,1.566144709
15-06-2021,177145267,3826139,113327822,,1.563122487
16-06-2021,177534405,3836197,113675070,,1.5617708
17-06-2021,177930706,3845492,114053699,,1.56006081
18-06-2021,178334177,3854685,114371682,,1.559251153
19-06-2021,178682639,3862854,114702143,,1.557796867
20-06-2021,178986131,3869588,114966182,,1.556858964
21-06-2021,179282754,3876569,115321190,,1.554638432
22-06-2021,179692884,3885505,115623171,,1.554125202
23-06-2021,180090085,3894875,116021534,,1.552212583
24-06-2021,180499496,3903520,116310084,,1.551881744
25-06-2021,180917498,3912756,116637602,,1.551107832
26-06-2021,181280617,3920286,116931300,,1.550317297
27-06-2021,181591719,3926348,117189030,,1.549562438
28-06-2021,181924797,3932896,117514237,,1.548108567
29-06-2021,182306008,3941037,117806534,,1.547503367
30-06-2021,182705663,3950232,118086436,,1.547219725
01-07-2021,183141386,3958765,118513865,,1.54531612
02-07-2021,183583788,3967124,118803218,,1.545276223
03-07-2021,183958360,3974027,119072452,,1.544927957
04-07-2021,184286611,3980653,119370971,,1.543814291
05-07-2021,184663281,3988007,119736132,,1.542251933
06-07-2021,185113606,3996480,120063100,,1.541802652
07-07-2021,185578871,4005034,120330531,,1.5422426
08-07-2021,186060677,4013939,120622614,,1.542502445
09-07-2021,186574549,4022330,120960400,,1.542443221
10-07-2021,186996636,4028916,121404285,,1.540280362
11-07-2021,187367217,4036533,121693718,,1.539662195
12-07-2021,187799429,4044593,121994760,,1.539405701
13-07-2021,188325050,4052971,122277366,,1.540146441
14-07-2021,188863136,4061574,122606454,,1.540401258
15-07-2021,189439551,4070204,122886609,,1.5415801
16-07-2021,190035527,4078948,123276619,,1.541537467
17-07-2021,190525995,4086461,123555921,,1.542022377
18-07-2021,190947413,4093004,123871608,,1.541494585
19-07-2021,191433777,4100149,124177589,,1.541612931
20-07-2021,191965954,4120878,124495845,,1.541946673
21-07-2021,192521902,4129543,124800386,,1.542638674
22-07-2021,193087171,4138313,125155034,,1.542783896
23-07-2021,193815398,4146638,125399322,,1.545585693
24-07-2021,194248576,4155335,125916039,,1.542683343
25-07-2021,194694855,4162663,126243057,,1.542222278
26-07-2021,195233057,4171084,126540686,,1.5428481
27-07-2021,195839304,4180922,126885021,,1.543439111
28-07-2021,196489428,4191077,127220907,,1.544474353
29-07-2021,197132520,4201348,127568122,,1.545311767
30-07-2021,197865098,4210901,127874104,,1.547342987
31-07-2021,198383979,4219731,128177538,,1.547728113
01-08-2021,198868278,4227102,128464084,,1.54804574
02-08-2021,199435832,4235146,128742138,,1.549110766
03-08-2021,200069905,4245553,129044715,,1.550392087
04-08-2021,200750359,4256055,129356823,,1.551911637
05-08-2021,201436039,4267009,0,,#DIV/0!
06-08-2021,202255471,4277461,0,,#DIV/0!
07-08-2021,202818988,4286140,0,,#DIV/0!
08-08-2021,203288959,4293574,0,,#DIV/0!
09-08-2021,203903160,4302338,0,,#DIV/0!
10-08-2021,204548427,4313930,0,,#DIV/0!
11-08-2021,205279040,4324453,0,,#DIV/0!
12-08-2021,205985102,4334959,0,,#DIV/0!
13-08-2021,206786960,4345424,0,,#DIV/0!
14-08-2021,207344329,4354153,0,,#DIV/0!
15-08-2021,207814622,4361563,0,,#DIV/0!
16-08-2021,208469663,4371334,0,,#DIV/0!
17-08-2021,209151696,4382095,0,,#DIV/0!
18-08-2021,209887657,4392914,0,,#DIV/0!
19-08-2021,210599333,4404349,0,,#DIV/0!
20-08-2021,211384616,4414834,0,,#DIV/0!
21-08-2021,211950327,4423744,0,,#DIV/0!
22-08-2021,212404237,4431441,0,,#DIV/0!
23-08-2021,213075356,4441392,0,,#DIV/0!
24-08-2021,213751370,4452443,0,,#DIV/0!
25-08-2021,214488588,4463794,0,,#DIV/0!
26-08-2021,215225085,4475401,0,,#DIV/0!
27-08-2021,215976526,4485762,0,,#DIV/0!
28-08-2021,216542790,4494207,0,,#DIV/0!
29-08-2021,216996800,4500952,0,,#DIV/0!
30-08-2021,217651202,4510434,0,,#DIV/0!
31-08-2021,218271759,4519671,0,,#DIV/0!
01-09-2021,218990967,4532161,0,,#DIV/0!
02-09-2021,219667699,4543399,0,,#DIV/0!
03-09-2021,220391604,4554094,0,,#DIV/0!
04-09-2021,220897673,4561843,0,,#DIV/0!
05-09-2021,221353834,4568337,0,,#DIV/0!
06-09-2021,221814088,4576359,0,,#DIV/0!
07-09-2021,222469673,4586846,0,,#DIV/0!
08-09-2021,223106688,4596978,0,,#DIV/0!
09-09-2021,223746520,4607710,0,,#DIV/0!
10-09-2021,224405561,4616889,0,,#DIV/0!
11-09-2021,224883822,4625299,0,,#DIV/0!
12-09-2021,225261282,4630880,0,,#DIV/0!
13-09-2021,225823721,4639938,0,,#DIV/0!
14-09-2021,226373435,4649852,0,,#DIV/0!
15-09-2021,226940370,4660319,0,,#DIV/0!
16-09-2021,227527847,4670819,0,,#DIV/0!
17-09-2021,228151307,4679876,0,,#DIV/0!
18-09-2021,228682580,4686421,0,,#DIV/0!
19-09-2021,229052131,4692459,0,,#DIV/0!
20-09-2021,229568508,4700626,0,,#DIV/0!
21-09-2021,230057065,4710050,0,,#DIV/0!
22-09-2021,230591700,4719777,0,,#DIV/0!
23-09-2021,231139390,4729660,0,,#DIV/0!
24-09-2021,231688803,4738382,0,,#DIV/0!
25-09-2021,232068484,4743888,0,,#DIV/0!
26-09-2021,232430691,4749378,0,,#DIV/0!
27-09-2021,232900517,4756993,0,,#DIV/0!
28-09-2021,233351071,4766403,0,,#DIV/0!
29-09-2021,233841472,4775683,0,,#DIV/0!
30-09-2021,234331559,4784548,0,,#DIV/0!
01-10-2021,234853727,4793182,0,,#DIV/0!
02-10-2021,235211212,4799141,0,,#DIV/0!
03-10-2021,235524931,4803430,0,,#DIV/0!
04-10-2021,235959649,4810509,0,,#DIV/0!
05-10-2021,236382247,4817908,0,,#DIV/0!
06-10-2021,236888865,4827067,0,,#DIV/0!
07-10-2021,237351055,4836022,0,,#DIV/0!
08-10-2021,237827272,4843584,0,,#DIV/0!
09-10-2021,238174709,4848498,0,,#DIV/0!
10-10-2021,238497485,4853184,0,,#DIV/0!
11-10-2021,238872293,4858949,0,,#DIV/0!
12-10-2021,239310052,4866978,0,,#DIV/0!
13-10-2021,239766557,4875902,0,,#DIV/0!
14-10-2021,240220732,4883887,0,,#DIV/0!
15-10-2021,240679363,4891085,0,,#DIV/0!
16-10-2021,241030088,4896473,0,,#DIV/0!
17-10-2021,241350498,4900752,0,,#DIV/0!
18-10-2021,241761040,4907177,0,,#DIV/0!
19-10-2021,242192096,4915237,0,,#DIV/0!
20-10-2021,242667822,4923916,0,,#DIV/0!
21-10-2021,243130513,4931618,0,,#DIV/0!
22-10-2021,243623343,4939795,0,,#DIV/0!
23-10-2021,244006746,4945701,0,,#DIV/0!
24-10-2021,244327833,4950245,0,,#DIV/0!
25-10-2021,244754647,4956940,0,,#DIV/0!
26-10-2021,245180075,4964734,0,,#DIV/0!
27-10-2021,245694300,4973895,0,,#DIV/0!
28-10-2021,246177892,4982788,0,,#DIV/0!
29-10-2021,246672334,4990603,0,,#DIV/0!
30-10-2021,247066542,4996677,0,,#DIV/0!
31-10-2021,247430551,5001198,0,,#DIV/0!
01-11-2021,247853169,5007436,0,,#DIV/0!
02-11-2021,248256309,5014613,0,,#DIV/0!
03-11-2021,248779961,5023075,0,,#DIV/0!
04-11-2021,249297545,5030704,0,,#DIV/0!
05-11-2021,249821584,5039327,0,,#DIV/0!
06-11-2021,250258829,5046066,0,,#DIV/0!
07-11-2021,250620882,5050596,0,,#DIV/0!
08-11-2021,251091863,5057200,0,,#DIV/0!
09-11-2021,251559577,5065295,0,,#DIV/0!
10-11-2021,252132954,5073591,0,,#DIV/0!
11-11-2021,252653760,5081290,0,,#DIV/0!
12-11-2021,253253147,5090296,0,,#DIV/0!
13-11-2021,253691695,5096788,0,,#DIV/0!
14-11-2021,254071405,5101465,0,,#DIV/0!
15-11-2021,254597428,5108201,0,,#DIV/0!
16-11-2021,255103547,5115876,0,,#DIV/0!
17-11-2021,255719136,5125083,0,,#DIV/0!
18-11-2021,256342022,5133468,0,,#DIV/0!
19-11-2021,256957298,5141484,0,,#DIV/0!
20-11-2021,257457342,5147750,0,,#DIV/0!
21-11-2021,257878100,5152368,0,,#DIV/0!
22-11-2021,258479990,5159439,0,,#DIV/0!
23-11-2021,259072189,5167488,0,,#DIV/0!
24-11-2021,259730098,5176099,0,,#DIV/0!
25-11-2021,260329489,5183951,0,,#DIV/0!
26-11-2021,260941924,5190853,0,,#DIV/0!
27-11-2021,261425894,5197009,0,,#DIV/0!
28-11-2021,261858036,5201899,0,,#DIV/0!
29-11-2021,262490104,5209348,0,,#DIV/0!
30-11-2021,263090010,5217417,0,,#DIV/0!
01-12-2021,263792650,5226767,0,,#DIV/0!
02-12-2021,264500822,5236913,0,,#DIV/0!
03-12-2021,265232250,5245474,0,,#DIV/0!
04-12-2021,265767490,5251310,0,,#DIV/0!
05-12-2021,266227932,5258740,0,,#DIV/0!
06-12-2021,266827941,5265614,0,,#DIV/0!
07-12-2021,267467955,5273445,0,,#DIV/0!
08-12-2021,268179831,5281773,0,,#DIV/0!
09-12-2021,268878850,5290382,0,,#DIV/0!
10-12-2021,269573135,5298447,0,,#DIV/0!
11-12-2021,270092516,5304808,0,,#DIV/0!
12-12-2021,270550575,5309430,0,,#DIV/0!
13-12-2021,271160336,5315673,0,,#DIV/0!
14-12-2021,271796685,5323451,0,,#DIV/0!
15-12-2021,272537093,5332538,0,,#DIV/0!
16-12-2021,273280864,5339953,0,,#DIV/0!
17-12-2021,274048544,5347231,0,,#DIV/0!
18-12-2021,274619366,5353315,0,,#DIV/0!
19-12-2021,275131917,5357751,0,,#DIV/0!
20-12-2021,275868672,5364383,0,,#DIV/0!
21-12-2021,276624429,5372059,0,,#DIV/0!
22-12-2021,277534787,5382448,0,,#DIV/0!
23-12-2021,278542151,5389720,0,,#DIV/0!
24-12-2021,279433829,5395833,0,,#DIV/0!
25-12-2021,280136327,5400194,0,,#DIV/0!
26-12-2021,280716737,5403981,0,,#DIV/0!
27-12-2021,281985067,5410310,0,,#DIV/0!
28-12-2021,283311000,5417916,0,,#DIV/0!
29-12-2021,285006869,5425806,0,,#DIV/0!
30-12-2021,286949613,5433405,0,,#DIV/0!
31-12-2021,288695285,5440149,0,,#DIV/0!
01-01-2022,289921238,5444600,0,,#DIV/0!
02-01-2022,290841794,5447897,0,,#DIV/0!
03-01-2022,293200834,5453631,0,,#DIV/0!
04-01-2022,295699056,5461593,0,,#DIV/0!
05-01-2022,298269919,5469544,0,,#DIV/0!
06-01-2022,300929341,5477197,0,,#DIV/0!
07-01-2022,303873459,5484457,0,,#DIV/0!
08-01-2022,306054493,5490029,0,,#DIV/0!
09-01-2022,308087764,5494039,0,,#DIV/0!
10-01-2022,311276217,5500465,0,,#DIV/0!
11-01-2022,314307568,5509769,0,,#DIV/0!
12-01-2022,317748552,5518979,0,,#DIV/0!
13-01-2022,320931801,5527333,0,,#DIV/0!
14-01-2022,324248670,5535354,0,,#DIV/0!
15-01-2022,326746150,5541778,0,,#DIV/0!
16-01-2022,328927102,5546160,0,,#DIV/0!
17-01-2022,331588591,5552262,0,,#DIV/0!
18-01-2022,335348646,5561541,0,,#DIV/0!
19-01-2022,339428204,5571655,0,,#DIV/0!
20-01-2022,343160309,5581400,0,,#DIV/0!
21-01-2022,346997456,5591395,0,,#DIV/0!
22-01-2022,349772218,5597649,0,,#DIV/0!
23-01-2022,352233133,5602685,0,,#DIV/0!
24-01-2022,355654844,5611190,0,,#DIV/0!
25-01-2022,359306075,5621956,0,,#DIV/0!
26-01-2022,363065066,5632761,0,,#DIV/0!
27-01-2022,366768670,5643168,0,,#DIV/0!
28-01-2022,370428577,5655593,0,,#DIV/0!
29-01-2022,373169081,5663721,0,,#DIV/0!
30-01-2022,375458669,5669162,0,,#DIV/0!
31-01-2022,379014570,5679211,0,,#DIV/0!
01-02-2022,382138676,5692902,0,,#DIV/0!
02-02-2022,385316509,5705098,0,,#DIV/0!
03-02-2022,388504838,5716817,0,,#DIV/0!
04-02-2022,391455313,5729953,0,,#DIV/0!
05-02-2022,393769619,5738364,0,,#DIV/0!
06-02-2022,395660009,5744246,0,,#DIV/0!
07-02-2022,398286433,5755239,0,,#DIV/0!
08-02-2022,400886901,5768157,0,,#DIV/0!
09-02-2022,403316045,5781481,0,,#DIV/0!
10-02-2022,406124944,5793447,0,,#DIV/0!
11-02-2022,408542521,5805439,0,,#DIV/0!
12-02-2022,410472262,5814271,0,,#DIV/0!
13-02-2022,412000678,5819508,0,,#DIV/0!
14-02-2022,413710836,5830385,0,,#DIV/0!
15-02-2022,415578894,5841136,0,,#DIV/0!
16-02-2022,417814840,5854276,0,,#DIV/0!
17-02-2022,419875488,5866529,0,,#DIV/0!
18-02-2022,421857397,5877177,0,,#DIV/0!
19-02-2022,423520219,5885747,0,,#DIV/0!
20-02-2022,424829977,5891119,0,,#DIV/0!
21-02-2022,426231985,5898313,0,,#DIV/0!
22-02-2022,427902727,5908444,0,,#DIV/0!
23-02-2022,429818802,5920489,0,,#DIV/0!
24-02-2022,431605295,5931273,0,,#DIV/0!
25-02-2022,433258519,5940304,0,,#DIV/0!
26-02-2022,434706130,5946958,0,,#DIV/0!
27-02-2022,435864860,5951563,0,,#DIV/0!
28-02-2022,437192058,5959244,0,,#DIV/0!
01-03-2022,438791042,5967613,0,,#DIV/0!
02-03-2022,440449101,5975692,0,,#DIV/0!
03-03-2022,442220610,5983964,0,,#DIV/0!
04-03-2022,443982057,5992676,0,,#DIV/0!
05-03-2022,445462646,5998468,0,,#DIV/0!
06-03-2022,446688063,6002613,0,,#DIV/0!
07-03-2022,448122792,6010194,0,,#DIV/0!
08-03-2022,449862394,6017511,0,,#DIV/0!
09-03-2022,451694486,6025399,0,,#DIV/0!
10-03-2022,453564733,6032980,0,,#DIV/0!
11-03-2022,455436568,6039551,0,,#DIV/0!
12-03-2022,457234054,6044395,0,,#DIV/0!
13-03-2022,458516309,6047815,0,,#DIV/0!
14-03-2022,460130503,6053140,0,,#DIV/0!
15-03-2022,461938485,6058532,0,,#DIV/0!
16-03-2022,464170227,6065462,0,,#DIV/0!
17-03-2022,466247656,6072558,0,,#DIV/0!
18-03-2022,468137370,6078048,0,,#DIV/0!
19-03-2022,469875092,6081961,0,,#DIV/0!
20-03-2022,470966705,6085080,0,,#DIV/0!
21-03-2022,472455479,6101443,0,,#DIV/0!
22-03-2022,474433993,6106402,0,,#DIV/0!
23-03-2022,476236612,6112440,0,,#DIV/0!
24-03-2022,478020010,6117712,0,,#DIV/0!
25-03-2022,479780201,6126662,0,,#DIV/0!
26-03-2022,481156270,6129602,0,,#DIV/0!
27-03-2022,482116487,6132043,0,,#DIV/0!
28-03-2022,483597830,6136094,0,,#DIV/0!
29-03-2022,485348882,6140885,0,,#DIV/0!
30-03-2022,486946001,6145866,0,,#DIV/0!
31-03-2022,488761532,6150706,0,,#DIV/0!
01-04-2022,489927639,6155264,0,,#DIV/0!
02-04-2022,490995246,6157949,0,,#DIV/0!
03-04-2022,491802843,6159651,0,,#DIV/0!
04-04-2022,492715166,6162734,0,,#DIV/0!
05-04-2022,494080732,6167081,0,,#DIV/0!
06-04-2022,495500961,6174496,0,,#DIV/0!
07-04-2022,496752745,6178865,0,,#DIV/0!
08-04-2022,497903221,6182914,0,,#DIV/0!
09-04-2022,498699820,6185099,0,,#DIV/0!
10-04-2022,499291552,6186597,0,,#DIV/0!
11-04-2022,500243450,6189567,0,,#DIV/0!
12-04-2022,501338097,6193033,0,,#DIV/0!
13-04-2022,502397289,6197622,0,,#DIV/0!
14-04-2022,503357133,6201242,0,,#DIV/0!
15-04-2022,504054673,6203546,0,,#DIV/0!
16-04-2022,504647605,6205052,0,,#DIV/0!
17-04-2022,505075190,6206377,0,,#DIV/0!
18-04-2022,505556319,6207816,0,,#DIV/0!
19-04-2022,506496528,6211248,0,,#DIV/0!
20-04-2022,507446460,6215770,0,,#DIV/0!
21-04-2022,508344139,6219335,0,,#DIV/0!
22-04-2022,509150146,6222288,0,,#DIV/0!
23-04-2022,509666730,6223755,0,,#DIV/0!
24-04-2022,510051338,6224752,0,,#DIV/0!
25-04-2022,510633192,6227171,0,,#DIV/0!
26-04-2022,511275654,6231509,0,,#DIV/0!
27-04-2022,512089554,6235080,0,,#DIV/0!
28-04-2022,512820478,6238156,0,,#DIV/0!
29-04-2022,513450295,6240783,0,,#DIV/0!
30-04-2022,513814370,6242174,0,,#DIV/0!
01-05-2022,514126894,6243168,0,,#DIV/0!
02-05-2022,514585677,6244885,0,,#DIV/0!
03-05-2022,515250796,6247713,0,,#DIV/0!
04-05-2022,515867243,6251541,0,,#DIV/0!
05-05-2022,516455788,6254191,0,,#DIV/0!
06-05-2022,517073392,6256465,0,,#DIV/0!
07-05-2022,517419829,6257501,0,,#DIV/0!
08-05-2022,517701156,6258209,0,,#DIV/0!
09-05-2022,518416115,6260258,0,,#DIV/0!
10-05-2022,519046530,6262494,0,,#DIV/0!
11-05-2022,519731815,6265075,0,,#DIV/0!
12-05-2022,520373206,6266927,0,,#DIV/0!
13-05-2022,520939176,6268892,0,,#DIV/0!
14-05-2022,521382662,6269793,0,,#DIV/0!
15-05-2022,521757179,6270450,0,,#DIV/0!
16-05-2022,522365440,6272193,0,,#DIV/0!
17-05-2022,522958914,6274160,0,,#DIV/0!
18-05-2022,523706177,6276611,0,,#DIV/0!
19-05-2022,524292179,6278438,0,,#DIV/0!
20-05-2022,524912157,6280451,0,,#DIV/0!
21-05-2022,525281921,6281481,0,,#DIV/0!
22-05-2022,525605817,6282030,0,,#DIV/0!
23-05-2022,526108314,6283637,0,,#DIV/0!
24-05-2022,526686723,6285388,0,,#DIV/0!
25-05-2022,527320720,6288047,0,,#DIV/0!
26-05-2022,527835425,6289528,0,,#DIV/0!
27-05-2022,528403623,6291515,0,,#DIV/0!
28-05-2022,528690344,6292241,0,,#DIV/0!
29-05-2022,528966392,6292787,0,,#DIV/0!
30-05-2022,529370776,6294074,0,,#DIV/0!
31-05-2022,529992467,6295614,0,,#DIV/0!
01-06-2022,530683348,6297735,0,,#DIV/0!
02-06-2022,531207590,6299330,0,,#DIV/0!
03-06-2022,531750362,6300863,0,,#DIV/0!
04-06-2022,532001706,6301496,0,,#DIV/0!
05-06-2022,532266502,6302216,0,,#DIV/0!
06-06-2022,532706273,6303274,0,,#DIV/0!
07-06-2022,533356549,6305489,0,,#DIV/0!
08-06-2022,534056904,6308093,0,,#DIV/0!
09-06-2022,534633343,6309702,0,,#DIV/0!
10-06-2022,535179081,6311403,0,,#DIV/0!
11-06-2022,535461325,6312275,0,,#DIV/0!
12-06-2022,535663548,6312763,0,,#DIV/0!
13-06-2022,536229531,6314525,0,,#DIV/0!
14-06-2022,537072959,6316411,0,,#DIV/0!
15-06-2022,537791771,6318393,0,,#DIV/0!
16-06-2022,538313543,6320214,0,,#DIV/0!
17-06-2022,538899166,6321553,0,,#DIV/0!
18-06-2022,539126433,6322143,0,,#DIV/0!
19-06-2022,539400472,6322722,0,,#DIV/0!
20-06-2022,540191999,6324412,0,,#DIV/0!
21-06-2022,541004686,6326103,0,,#DIV/0!
22-06-2022,541810415,6328161,0,,#DIV/0!
23-06-2022,542593144,6329988,0,,#DIV/0!
24-06-2022,543352000,6331814,0,,#DIV/0!
25-06-2022,543667449,6332522,0,,#DIV/0!
26-06-2022,543952151,6333053,0,,#DIV/0!
27-06-2022,544880511,6334591,0,,#DIV/0!
28-06-2022,545812749,6336631,0,,#DIV/0!
29-06-2022,546743976,6338427,0,,#DIV/0!
30-06-2022,547801808,6339825,0,,#DIV/0!
01-07-2022,548738355,6341735,0,,#DIV/0!
02-07-2022,549095352,6342464,0,,#DIV/0!
03-07-2022,549453905,6343061,0,,#DIV/0!
04-07-2022,550355730,6344135,0,,#DIV/0!
05-07-2022,551540546,6346255,0,,#DIV/0!
06-07-2022,552769351,6348795,0,,#DIV/0!
07-07-2022,553806545,6351465,0,,#DIV/0!
08-07-2022,554790037,6353689,0,,#DIV/0!
09-07-2022,555290847,6354565,0,,#DIV/0!
10-07-2022,555714919,6355179,0,,#DIV/0!
11-07-2022,556824209,6356902,0,,#DIV/0!
12-07-2022,558018366,6359165,0,,#DIV/0!
13-07-2022,559468326,6362575,0,,#DIV/0!
14-07-2022,560396624,6365626,0,,#DIV/0!
15-07-2022,561417220,6367860,0,,#DIV/0!
16-07-2022,561998319,6368824,0,,#DIV/0!
17-07-2022,562445617,6369532,0,,#DIV/0!
18-07-2022,563644959,6371473,0,,#DIV/0!
19-07-2022,565203511,6374350,0,,#DIV/0!
20-07-2022,566784267,6380795,0,,#DIV/0!
